original,attacked,normalized
Microscópio Biológico Binocular Meopta Profissional ,Microsc. Biol. Binoc. Meopta Prof.,"microscópio Meopta biológico, binocular, profissional"
Microscópio Biológico Binocular Meopta Profissional ,Microscópio Biol. Binocular Meopta Profiss.,"microscópio Meopta biológico, binocular, profissional"
Microscópio Biológico Binocular Meopta Profissional ,Microscópio Biológico Binocular Meopta Profissional -,"microscópio Meopta biológico, binocular, profissional"
Microscópio Biológico Binocular Meopta Profissional ,Microscópio Biológico Binocular Meopta Profissional 0,"microscópio Meopta biológico, binocular, profissional"
Microscópio Biológico Binocular Meopta Profissional ,Microscópio Biológioc Binocular Meopta Profissional,"microscópio Meopta biológico, binocular, profissional"
Microscópio Biológico Binocular Meopta Profissional ,Microscópio Biológico Binoculra Meopta Profissional,microscópio Meopta biológico binocular profissional
Nissan Versa ,Niss. Versa,carro Nissan versa
Nissan Versa ,Niss. Versa,carro Nissan versa
Nissan Versa ,Nissan Versa 0km,carro Nissan versa 0km
Nissan Versa ,Nissan Versa Sedan,carro Nissan versa sedan
Nissan Versa ,Nisan Versa,carro Nissan versa
Nissan Versa ,Nissan Vresa,carro Nissan versa
Llave Contacto Yamaha Fz 16 + Tapa Tanque Mpr,Llav. Cont. Yamaha Fz 16 + Tapa Tanq. Mpr,kit de ignição Yamaha fz 16 chave de contato e tampa de tanque
Llave Contacto Yamaha Fz 16 + Tapa Tanque Mpr,Llave Contacto Yamaha Fz 16 + Tapa Tanq. Mpr,kit de ignição Yamaha fz 16 chave de contato e tampa de tanque
Llave Contacto Yamaha Fz 16 + Tapa Tanque Mpr,Llave Contacto Yamaha Fz 16 + Tapa Tanque Mpr Unit,kit de ignição Yamaha fz 16 chave de contato e tampa de tanque
Llave Contacto Yamaha Fz 16 + Tapa Tanque Mpr,Llave Contacto Yamaha Fz 16 + Tapa Tanque Mpr 1un,chave de contato e tampa de tanque Yamaha fz 16 mpr
Llave Contacto Yamaha Fz 16 + Tapa Tanque Mpr,Llave Contacot Yamaha Fz 16 + Tapa Tanque Mpr,chave de contato e tampa de tanque Yamaha fz 16 mpr
Llave Contacto Yamaha Fz 16 + Tapa Tanque Mpr,Llave Contacto Yamaha Fz 16 + Tapa Tnaque Mpr,chave de contato e tampa de tanque Yamaha fz 16 mpr
Mini Pci Wireless + Bluetooth Samsung Np305e4a Ar5b225,Mini Pci Wirel. + Blue. Sams. Np305e4a Ar5b225,placa mini pci wireless e bluetooth Samsung np305e4a ar5b225
Mini Pci Wireless + Bluetooth Samsung Np305e4a Ar5b225,Mini Pci Wireless + Blue. Samsung Np305e4a Ar5b225,placa mini pci wireless e bluetooth Samsung np305e4a ar5b225
Mini Pci Wireless + Bluetooth Samsung Np305e4a Ar5b225,Mini Pci Wireless + Bluetooth Samsung Np305e4a Ar5b225 (1 unidade),placa de rede Samsung np305e4a mini pci wireless + bluetooth ar5b225
Mini Pci Wireless + Bluetooth Samsung Np305e4a Ar5b225,Mini Pci Wireless + Bluetooth Samsung Np305e4a Ar5b225 x1,placa de rede Samsung np305e4a mini pci wireless + bluetooth ar5b225
Mini Pci Wireless + Bluetooth Samsung Np305e4a Ar5b225,Mini Pci Wirelss + Bluetooth Samsung Np305e4a Ar5b225,placa de rede Samsung np305e4a mini pci wireless + bluetooth ar5b225
Mini Pci Wireless + Bluetooth Samsung Np305e4a Ar5b225,Mini Pci Wireless + Bluetooth Samsugn Np305e4a Ar5b225,placa de rede Samsung np305e4a mini pci wireless + bluetooth ar5b225
Disyuntor Diferencial Bipolar 25a (30ma),Disyunt. Diferenc. Bipol. 25a (30ma),"disjuntor diferencial bipolar, 25a, 30ma"
Disyuntor Diferencial Bipolar 25a (30ma),Disyuntor Diferencial Bipol. 25a (30ma),"disjuntor diferencial bipolar, 25a, 30ma"
Disyuntor Diferencial Bipolar 25a (30ma),"Disyuntor Diferencial Bipolar 0,025ka (0,03a)","disjuntor diferencial bipolar, 25a, 30ma"
Disyuntor Diferencial Bipolar 25a (30ma),"Disyuntor Diferencial Bipolar 25 amperes (0,03 amperes)","disjuntor diferencial bipolar, 25a, 30ma"
Disyuntor Diferencial Bipolar 25a (30ma),Disyuntro Diferencial Bipolar 25a (30ma),"disjuntor diferencial bipolar, 25a, 30ma"
Disyuntor Diferencial Bipolar 25a (30ma),Disyuntor Diferencial Bipolar 25a (30am),"disjuntor diferencial bipolar, 25a, 30ma"
Switch Ubiquiti Unifi 8 -  Puertos Giga Administrable - Us-8,Switch Ubiquiti Unifi 8 - Pts Giga Admin - Us-8,"switch Ubiquiti us-8 8 portas gigabit, gerenciável"
Switch Ubiquiti Unifi 8 -  Puertos Giga Administrable - Us-8,Swtch Ubiquiti Unifi 8 - Puertos Giga Admin - Us-8,"switch Ubiquiti us-8 8 portas gigabit, gerenciável"
Switch Ubiquiti Unifi 8 -  Puertos Giga Administrable - Us-8,Switch Ubiquiti Unifi 8 - 8 Puertos Giga Administrable - Us-8,"switch Ubiquiti us-8 8 portas gigabit, gerenciável"
Switch Ubiquiti Unifi 8 -  Puertos Giga Administrable - Us-8,Switch Ubiquiti Unifi 8 - Puertos Gigabit Administrable - Us-8,"switch Ubiquiti us-8 8 portas gigabit, gerenciável"
Switch Ubiquiti Unifi 8 -  Puertos Giga Administrable - Us-8,Switch Ubiquiti Unifi 8 - Puertos Giga Administrable - Us-88,"switch Ubiquiti us-88 8 portas gigabit, gerenciável"
Switch Ubiquiti Unifi 8 -  Puertos Giga Administrable - Us-8,Switch Ubiquiti Unifi 8 - Puertos Giga Admnistrable - Us-8,switch Ubiquiti us-8 8 portas giga administrável
Fim De Curso - P/ Portão Acabamento Aluminio (n.a),Fim De Curso - P/ Portão Acab. Alumínio (n.a),"fim de curso alumínio para portão, n.a"
Fim De Curso - P/ Portão Acabamento Aluminio (n.a),Fim De Curso - P/ Portão Acabamento Alum. (n.a),"fim de curso alumínio para portão, n.a"
Fim De Curso - P/ Portão Acabamento Aluminio (n.a),Fim De Curso - P/ Portão Acabamento Aluminio (norma aberta),"fim de curso alumínio para portão, norma aberta"
Fim De Curso - P/ Portão Acabamento Aluminio (n.a),Fim De Curso - P/ Portão Acabamento Aluminio (NA),"fim de curso alumínio para portão, na"
Fim De Curso - P/ Portão Acabamento Aluminio (n.a),Fim De Curos - P/ Portão Acabamento Aluminio (n.a),fim de curso aluminio para portão
Fim De Curso - P/ Portão Acabamento Aluminio (n.a),Fim De Curso - P/ Portão Acabamneto Aluminio (n.a),fim de curso aluminio para portão
"Toalha Picnic Pic Nic Xadrez Oxford 1,50x3,00 Cores Diversas","Toalha Picnic Pic Nic Xadrez Oxford 1,5x3m Cores Div.","toalha cores diversas oxford xadrez, 1,5x3m"
"Toalha Picnic Pic Nic Xadrez Oxford 1,50x3,00 Cores Diversas","Toalha Picnic Pic Nic Xadrez Oxford 1,50x3,00 Cores Divers.","toalha cores diversas oxford xadrez, 1,50x3,00m"
"Toalha Picnic Pic Nic Xadrez Oxford 1,50x3,00 Cores Diversas",Toalha Picnic Pic Nic Xadrez Oxford 150cm x 300cm Cores Diversas,"toalha cores diversas oxford xadrez, 150cm x 300cm"
"Toalha Picnic Pic Nic Xadrez Oxford 1,50x3,00 Cores Diversas",Toalha Picnic Pic Nic Xadrez Oxford 1.5m x 3m Cores Diversas,"toalha cores diversas oxford xadrez, 1.5m x 3m"
"Toalha Picnic Pic Nic Xadrez Oxford 1,50x3,00 Cores Diversas","Toalha Picnic Pic Nic Xadrez Oxforrd 1,50x3,00 Cores Diversas","toalha cores diversas oxford xadrez, 1,50x3,00"
"Toalha Picnic Pic Nic Xadrez Oxford 1,50x3,00 Cores Diversas","Toalha Picnic Pic Nic Xadrez Oxford 1,50x3,00 Cores Dviersas","toalha cores diversas oxford xadrez, 1,50x3,00"
Bocallave Hexagonal Impacto 1/2  - 7/8,Bocal. Hexagonal Impacto 1/2 - 7/8,"bocal hexagonal, impacto, 1/2 - 7/8"
Bocallave Hexagonal Impacto 1/2  - 7/8,Bocallave Hex. Impacto 1/2 - 7/8,"bocal hexagonal, impacto, 1/2 - 7/8"
Bocallave Hexagonal Impacto 1/2  - 7/8,"Bocallave Hexagonal Impacto 0,5 pol - 0,875 pol","bocallave hexagonal impacto, 0,5 pol - 0,875 pol"
Bocallave Hexagonal Impacto 1/2  - 7/8,"Bocallave Hexagonal Impacto 12,7mm - 22,2mm","bocallave hexagonal impacto, 12,7mm - 22,2mm"
Bocallave Hexagonal Impacto 1/2  - 7/8,Bocallave Hexagonal Imapcto 1/2 - 7/8,"bocallave hexagonal imapcto, 1/2 - 7/8"
Bocallave Hexagonal Impacto 1/2  - 7/8,Bocallave Hexagonal Impacto 1/2 - 7/88,"bocallave hexagonal impacto, 1/2 - 7/88"
Moto G5 Libre Huella Zona Oeste ,Moto G5 Libre Huella Z. Oeste,"celular Motorola g5 libre, huella, z. oeste"
Moto G5 Libre Huella Zona Oeste ,Moto G5 Libre Huel. Zona Oeste,celular Motorola moto g5 libre
Moto G5 Libre Huella Zona Oeste ,Moto G5 Desbloqueado Digital Zona Oeste,celular Motorola moto g5 desbloqueado
Moto G5 Libre Huella Zona Oeste ,Moto G5 Sim-free Huella Zona Oeste,celular Motorola moto g5 sim-free
Moto G5 Libre Huella Zona Oeste ,Moto G5 Lbiere Huella Zona Oeste,celular Motorola moto g5 lbiere
Moto G5 Libre Huella Zona Oeste ,Moto G5 Libre Huelal Zona Oeste,celular Motorola moto g5 libre
Fresa Doble Flauta Recta Bit Router Métricas Ranurado 1/4 ,Fresa Doble Flauta Recta Bit Router Mét. Ranurado 1/4,"fresa doble flauta, recta, ranurado - 6,35mm"
Fresa Doble Flauta Recta Bit Router Métricas Ranurado 1/4 ,Fresa Doble Flauta Recta Bit Rout. Métricas Ranurado 1/4,"fresa doble flauta, recta, ranurado - 6,35mm"
Fresa Doble Flauta Recta Bit Router Métricas Ranurado 1/4 ,"Fresa Doble Flauta Recta Bit Router Métricas Ranurado 0,25 in","fresa doble flauta, recta, ranurado - 6,35mm"
Fresa Doble Flauta Recta Bit Router Métricas Ranurado 1/4 ,"Fresa Doble Flauta Recta Bit Router Métricas Ranurado 6,35mm","fresa doble flauta, recta, ranurado - 6,35mm"
Fresa Doble Flauta Recta Bit Router Métricas Ranurado 1/4 ,Fresa Doble Flauta Recta Bit Roter Métricas Ranurado 1/4,"fresa doble flauta, recta, ranurado - 6,35mm"
Fresa Doble Flauta Recta Bit Router Métricas Ranurado 1/4 ,Fresa Doble Flauta Recta Bit Router Métricaas Ranurado 1/4,"fresa doble flauta, recta, 1/4"
Essência 20ml Via Aroma Para Difusor Elétrico,Essência 20ml Via Aroma p/ Difusor Elétrico,essência Via Aroma para difusor elétrico - 20 ml
Essência 20ml Via Aroma Para Difusor Elétrico,Essência 20ml Via Aroma Para Dif. Elétrico,essência Via Aroma para difusor elétrico - 20 ml
Essência 20ml Via Aroma Para Difusor Elétrico,"Essência 0,02L Via Aroma Para Difusor Elétrico",essência Via Aroma para difusor elétrico - 20 ml
Essência 20ml Via Aroma Para Difusor Elétrico,Essência 20 mililitros Via Aroma Para Difusor Elétrico,essência Via Aroma para difusor elétrico - 20 ml
Essência 20ml Via Aroma Para Difusor Elétrico,Essência 20ml Via Aromo Para Difusor Elétrico,essência Via Aroma para difusor elétrico - 20 ml
Essência 20ml Via Aroma Para Difusor Elétrico,Essência 20ml Via Aroma Para Difusro Elétrico,essência Via Aroma para difusor elétrico - 20 ml
Manija De Embrague Yamaha Mt03 // Yzf-r3 Original!!!,Man. De Embrague Yamaha Mt03 // Yzf-r3 Original!!!,manete de embreagem Yamaha mt03 / yzf-r3 original
Manija De Embrague Yamaha Mt03 // Yzf-r3 Original!!!,Manija De Embrague Yamaha Mt03 // Yzf-r3 Orig!!!,manete de embreagem Yamaha mt03 / yzf-r3 original
Manija De Embrague Yamaha Mt03 // Yzf-r3 Original!!!,Manija De Embrague Yamaha Mt03 // Yzf-r3 Original - Unidade 1,manete de embreagem Yamaha mt03 / yzf-r3 original
Manija De Embrague Yamaha Mt03 // Yzf-r3 Original!!!,Manija De Embrague Yamaha Mt03 // Yzf-r3 Original - 1 pç,manete de embreagem Yamaha mt03 / yzf-r3 original
Manija De Embrague Yamaha Mt03 // Yzf-r3 Original!!!,Manija De Embrague Yamaha Mt03 // Yzf-r3 Orignial!!!,manete de embreagem Yamaha mt03 / yzf-r3 original
Manija De Embrague Yamaha Mt03 // Yzf-r3 Original!!!,Manija De Embrague Yamaha Mt03 // Yzf-r3 Orignal!!!,manete de embreagem Yamaha mt03 / yzf-r3 original
Cola Adesiva Multiuso Y7000 110ml Display Celulares Gruda,Cola Adesiva Multiuso Y7000 110ml Disp. Celulares Gruda,"cola adesiva y7000 multiuso, para display de celulares - 110 ml"
Cola Adesiva Multiuso Y7000 110ml Display Celulares Gruda,Cola Adesiva Mult. Y7000 110ml Display Celulares Gruda,"cola adesiva y7000 multiuso, para display de celulares - 110 ml"
Cola Adesiva Multiuso Y7000 110ml Display Celulares Gruda,"Cola Adesiva Multiuso Y7000 0,11L Display Celulares Gruda","cola adesiva y7000 multiuso, para display de celulares - 110 ml"
Cola Adesiva Multiuso Y7000 110ml Display Celulares Gruda,Cola Adesiva Multiuso Y7000 110 mililitros Display Celulares Gruda,"cola adesiva y7000 multiuso, para display de celulares - 110 ml"
Cola Adesiva Multiuso Y7000 110ml Display Celulares Gruda,Cola Adesiva Multiuso Y7000 110ml Displey Celulares Gruda,"cola adesiva y7000 multiuso, para display de celulares - 110 ml"
Cola Adesiva Multiuso Y7000 110ml Display Celulares Gruda,Cola Adesiva Multiuso Y7000 110ml Display Celulares Grudaa,"cola adesiva y7000 multiuso, para display de celulares - 110 ml"
"Camión Con Remolque A Control Remoto Escala 1:36, Velocity","Camión Con Remolque A Control Rem. Escala 1:36, Velocity","caminhão de brinquedo Velocity com controle remoto, escala 1:36"
"Camión Con Remolque A Control Remoto Escala 1:36, Velocity","Camión Con Remolque A Ctr. Remoto Escala 1:36, Velocity","caminhão com reboque Velocity controle remoto, escala 1:36"
"Camión Con Remolque A Control Remoto Escala 1:36, Velocity","Camión Con Remolque A Control Remoto Escala 1 para 36, Velocity","caminhão com reboque Velocity controle remoto, escala 1:36"
"Camión Con Remolque A Control Remoto Escala 1:36, Velocity","Camión Con Remolque A Control Remoto Escala 1:36 - 1 unidade, Velocity","caminhão com reboque Velocity controle remoto, escala 1:36"
"Camión Con Remolque A Control Remoto Escala 1:36, Velocity","Camión Con Remolque A Control Remoto Escala 1:36, Velociyt","caminhão com reboque Velociyt controle remoto, escala 1:36"
"Camión Con Remolque A Control Remoto Escala 1:36, Velocity","Camión Con Remolque A Control Remoto Escala 1:36, Veloctiy","caminhão com reboque Veloctiy controle remoto, escala 1:36"
Capa Tipo Camisinha Transparente Adão 100% Aprovado,Capa Tipo Cam. Transp. Adão 100% Aprovado,capa tipo camisinha Adão transparente 100% aprovado
Capa Tipo Camisinha Transparente Adão 100% Aprovado,Capa Tp. Camisinha Transp. Adão 100% Aprovado,capa tipo camisinha Adão transparente 100% aprovado
Capa Tipo Camisinha Transparente Adão 100% Aprovado,Capa Tipo Camisinha Transparente Adão 100 por cento Aprovado,capa tipo camisinha Adão transparente 100% aprovado
Capa Tipo Camisinha Transparente Adão 100% Aprovado,Capa Tipo Camisinha Transparente Adão 1.0 Aprovado,capa tipo camisinha Adão transparente 1.0 aprovado
Capa Tipo Camisinha Transparente Adão 100% Aprovado,Capa Tipo Camisinha Transparente Adão 100% Aproavdo,capa tipo camisinha Adão transparente 100% aprovado
Capa Tipo Camisinha Transparente Adão 100% Aprovado,Capa Tipo Camisinha Transparetn Adão 100% Aprovado,capa transparente adão tipo camisinha
Micro Servo Motor Tower Pro Mg90s Engrenagens De Metal,Micro Servo Mot. Tower Pro Mg90s Engren. De Metal,micro servo motor Tower Pro mg90s metal engrenagem de metal
Micro Servo Motor Tower Pro Mg90s Engrenagens De Metal,Micro Servo Motor Tower Pro Mg90s Engren. Metal,micro servo motor Tower Pro mg90s metal engrenagem de metal
Micro Servo Motor Tower Pro Mg90s Engrenagens De Metal,Micro Servo Motor Tower Pro Mg90s Engrenagens De Metálico,micro servo motor Tower Pro mg90s metal engrenagens de metal
Micro Servo Motor Tower Pro Mg90s Engrenagens De Metal,Micro Servo Motor Tower Pro Mg90s Engrenagens De Mtl,micro servo motor Tower Pro mg90s metal engrenagens de metal
Micro Servo Motor Tower Pro Mg90s Engrenagens De Metal,Micro Servo Motor Tower Pro Mg90s Engrenagens De Mteal,micro servo motor Tower Pro mg90s metal engrenagens de metal
Micro Servo Motor Tower Pro Mg90s Engrenagens De Metal,Micro Servo Motor Tower Pro Mg90s Engrenagens De Metla,micro servo motor Tower Pro mg90s metal engrenagens de metal
Base Ventilada Notebook Ultrabook 8 A 15.6 Suporte D/mesa,Base Vent. Notebook Ultrabook 8 A 15.6 Suporte D/mesa,"base ventilada para notebook e ultrabook de 8 a 15.6 polegadas, suporte de mesa"
Base Ventilada Notebook Ultrabook 8 A 15.6 Suporte D/mesa,Base Ventilada Notebook Ultrabook 8 A 15.6 Suporte Mesa,"base ventilada para notebook e ultrabook de 8 a 15.6 polegadas, suporte de mesa"
Base Ventilada Notebook Ultrabook 8 A 15.6 Suporte D/mesa,"Base Ventilada Notebook Ultrabook 8 A 15,6 polegadas Suporte D/mesa","base ventilada para notebook e ultrabook de 8 a 15.6 polegadas, suporte de mesa"
Base Ventilada Notebook Ultrabook 8 A 15.6 Suporte D/mesa,Base Ventilada Notebook Ultrabook 8 A 15.6in Suporte D/mesa,"base ventilada suporte de mesa, compatível com notebook e ultrabook de 8 a 15.6 polegadas"
Base Ventilada Notebook Ultrabook 8 A 15.6 Suporte D/mesa,Base Ventilada Notebook Ultrabok 8 A 15.6 Suporte D/mesa,"base ventilada suporte de mesa, compatível com notebook e ultrabook de 8 a 15.6 polegadas"
Base Ventilada Notebook Ultrabook 8 A 15.6 Suporte D/mesa,Base Ventilada Notebok Ultrabook 8 A 15.6 Suporte D/mesa,"base ventilada suporte de mesa, compatível com notebook e ultrabook de 8 a 15.6 polegadas"
Impresora 3d Prusa I3 Mk2 Original,Impr. 3d Prusa I3 Mk2 Original,impressora 3d Prusa i3 mk2 original
Impresora 3d Prusa I3 Mk2 Original,Impresora 3d Prusa I3 Mk2 Orig.,impressora 3d Prusa i3 mk2 original
Impresora 3d Prusa I3 Mk2 Original,Impresora 3 dimensões Prusa I3 Mk2 Original,impressora 3d Prusa i3 mk2 original
Impresora 3d Prusa I3 Mk2 Original,Impresora 3d Prusa I3 Mk2 Origem,impressora 3d Prusa i3 mk2
Impresora 3d Prusa I3 Mk2 Original,Impresora 3d Prusa I3 Mk2 Orignial,impressora 3d Prusa i3 mk2 original
Impresora 3d Prusa I3 Mk2 Original,Impresora 3d Prusa I3 Mk2 Orgiinal,impressora 3d Prusa i3 mk2
200und  Guardanapos Papel Jantar 30x30 Personalizados,200und Guardanapos Papel Jant. 30x30 Personalizados,"guardanapo papel 30x30, personalizados"
200und  Guardanapos Papel Jantar 30x30 Personalizados,200und Guardanapos Papel Jantar 30x30 Pers.,"guardanapo papel tamanho 30x30, personalizados"
200und  Guardanapos Papel Jantar 30x30 Personalizados,200 unidades Guardanapos Papel Jantar 30x30 Personalizados,"guardanapo papel tamanho 30x30, personalizados"
200und  Guardanapos Papel Jantar 30x30 Personalizados,200 un. Guardanapos Papel Jantar 30x30 Personalizados,"guardanapo papel tamanho 30x30, personalizados"
200und  Guardanapos Papel Jantar 30x30 Personalizados,200und Guardanapos Papel Jantar 30x30 Persoanlizados,"guardanapo papel tamanho 30x30, personalizados"
200und  Guardanapos Papel Jantar 30x30 Personalizados,200und Guardanapos Papel Jantar 30x30 Personlizados,"guardanapo papel tamanho 30x30, personalizados"
Set Calculadora + Cartuchera Avon,Set Calc. + Cartuchera Avon,conjunto de calculadora e estojo Avon set
Set Calculadora + Cartuchera Avon,Set Calculadora + Cart. Avon,conjunto de calculadora e estojo Avon set
Set Calculadora + Cartuchera Avon,Set Calculadora + Cartuchera Avon 1un,conjunto de calculadora e estojo Avon set
Set Calculadora + Cartuchera Avon,Set Calculadora + Cartuchera Avon Unit,conjunto de calculadora e estojo Avon set
Set Calculadora + Cartuchera Avon,Set Calcuadora + Cartuchera Avon,conjunto de calculadora e estojo Avon set
Set Calculadora + Cartuchera Avon,Set Calculadora + Cartuchear Avon,calculadora Avon cartucheira
Conjunto Placa Y Disco Sachs Chevrolet Meriva 03-13 1.8 8v,Conj. Placa Y Disco Sachs Chev. Meriva 03-13 1.8 8v,kit de embreagem Sachs chevrolet meriva 03-13 1.8 8v placa e disco
Conjunto Placa Y Disco Sachs Chevrolet Meriva 03-13 1.8 8v,Conjunto Placa Y Disco Sachs Chevrolet Meriva 03-13 1.8 8v,kit de embreagem Sachs chevrolet meriva 03-13 1.8 8v placa e disco
Conjunto Placa Y Disco Sachs Chevrolet Meriva 03-13 1.8 8v,Conjunto Placa Y Disco Sachs Chevrolet Meriva 03-13 1.8L 8v,kit de embreagem Sachs chevrolet meriva 03-13 8v placa e disco - 1800 ml
Conjunto Placa Y Disco Sachs Chevrolet Meriva 03-13 1.8 8v,Conjunto Placa Y Disco Sachs Chevrolet Meriva 2003-2013 1.8 8v,kit de embreagem Sachs chevrolet meriva 2003-2013 1.8 8v placa e disco
Conjunto Placa Y Disco Sachs Chevrolet Meriva 03-13 1.8 8v,Conjunto Placa Y Disco Sachs Chevrolet Mervia 03-13 1.8 8v,conjunto placa e disco de embreagem Sachs meriva chevrolet 03-13 1.8 8v
Conjunto Placa Y Disco Sachs Chevrolet Meriva 03-13 1.8 8v,Conjunto Placa Y Disco Sachs Chevroelt Meriva 03-13 1.8 8v,conjunto placa e disco de embreagem Sachs meriva chevrolet 03-13 1.8 8v
Paraguas Wetcloud Diseño Corazón Con Letras,Parag. Wetcloud Diseño Corazón Con Letras,paraguas Wetcloud diseño corazón con letras
Paraguas Wetcloud Diseño Corazón Con Letras,Paraguas Wetcloud Diseño Corazón C/ Letras,paraguas Wetcloud diseño corazón c/ letras
Paraguas Wetcloud Diseño Corazón Con Letras,Paraguas Wetcloud Diseño Corazón Con Letras 1pza,paraguas Wetcloud diseño corazón con letras
Paraguas Wetcloud Diseño Corazón Con Letras,Paraguas Wetcloud Diseño Corazón Con Letras Unitário,guarda-chuva Wetcloud diseño corazón con letras
Paraguas Wetcloud Diseño Corazón Con Letras,Paraguas Wetclodu Diseño Corazón Con Letras,guarda-chuva Wetclodu diseño corazón con letras
Paraguas Wetcloud Diseño Corazón Con Letras,Paraguas Wetcloud Diseño Coarzón Con Letras,guarda-chuva Wetcloud diseño coarzón con letras
Arbol De Navidad Decorado De 30 Cm De Alto,Arbol De Nav. Decorado De 30 Cm De Alto,"árvore de natal decorado, 30cm de altura"
Arbol De Navidad Decorado De 30 Cm De Alto,Arbol De Navidad Decorado De 30 Cm De Alt.,"árvore de natal decorado, 30cm de altura"
Arbol De Navidad Decorado De 30 Cm De Alto,"Arbol De Navidad Decorado De 0,3 M De Alto","árvore de natal decorado - 0,3m"
Arbol De Navidad Decorado De 30 Cm De Alto,Arbol De Navidad Decorado De 300 Mm De Alto,árvore de natal decorado - 300 mm
Arbol De Navidad Decorado De 30 Cm De Alto,Arbol De Naviad Decorado De 30 Cm De Alto,árvore de natal decorado - 30 cm
Arbol De Navidad Decorado De 30 Cm De Alto,Arbol De Navidad Decorado De 30 Cm De Aol,árvore de natal decorado - 30 cm
Garrafa Antiga Minuano Limão 900 Ml - Âmbar - Bm,Garrafa Ant. Minuano Limão 900 Ml - Âmbar - Bm,garrafa Minuano âmbar limão - 900 ml
Garrafa Antiga Minuano Limão 900 Ml - Âmbar - Bm,Garrafa Antiga Minuano Limão 900 Ml - Âmb. - Bm,"garrafa Minuano âmbar limão, antiga, bm - 900 ml"
Garrafa Antiga Minuano Limão 900 Ml - Âmbar - Bm,"Garrafa Antiga Minuano Limão 0,9 L - Âmbar - Bm","garrafa Minuano âmbar limão, antiga, bm - 900 ml"
Garrafa Antiga Minuano Limão 900 Ml - Âmbar - Bm,Garrafa Antiga Minuano Limão 900 Mililitros - Âmbar - Bm,"garrafa Minuano âmbar limão, antiga, bm - 900 ml"
Garrafa Antiga Minuano Limão 900 Ml - Âmbar - Bm,Garrafa Antiga Minuano Limão 900 Ml - Âmabr - Bm,"garrafa Minuano âmbar limão, antiga, bm - 900 ml"
Garrafa Antiga Minuano Limão 900 Ml - Âmbar - Bm,Garrafa Antiga Minuano Limão 900 Ml - Âmbar - Mb,"garrafa Minuano âmbar limão, antiga, mb - 900 ml"
Cone M Batata Frita Rustica E Frango 500 Pçs,Cone M Batata Frita Rust. E Frango 500 Pçs,cone para batata frita e frango m rustica
Cone M Batata Frita Rustica E Frango 500 Pçs,Cone M Bat. Frita Rust. E Frango 500 Pçs,cone para batata frita e frango m rustica
Cone M Batata Frita Rustica E Frango 500 Pçs,"Cone M Batata Frita Rustica E Frango 0,5 Mil Pçs",cone para batata frita e frango m rustica
Cone M Batata Frita Rustica E Frango 500 Pçs,Cone M Batata Frita Rustica E Frango 500 Unidades,cone para batata frita e frango m rustica
Cone M Batata Frita Rustica E Frango 500 Pçs,Cone M Batata Frita Rustica E Frango 500 Pçss,cone para batata frita e frango m rustica
Cone M Batata Frita Rustica E Frango 500 Pçs,Cone M Batata Frita Rustica E Frnago 500 Pçs,cone para batata frita batata frita rustica e frango
Favo De Mel Florada Silvestre 200 Gramas ,Favo De Mel Flor. Silvestre 200 Gramas,"favo de mel florada silvestre, 200g"
Favo De Mel Florada Silvestre 200 Gramas ,Favo De Mel Flor. Silv. 200 Gramas,"favo de mel florada silvestre, 200g"
Favo De Mel Florada Silvestre 200 Gramas ,"Favo De Mel Florada Silvestre 0,2 Kg","favo de mel florada silvestre, 200g"
Favo De Mel Florada Silvestre 200 Gramas ,Favo De Mel Florada Silvestre 200 g,"favo de mel florada silvestre, 200g"
Favo De Mel Florada Silvestre 200 Gramas ,Favo De Mel Florada Silvestree 200 Gramas,favo de mel florada silvestre - 200 g
Favo De Mel Florada Silvestre 200 Gramas ,Favo De Mel Florda Silvestre 200 Gramas,favo de mel florada silvestre - 200 g
Bateria Cr2032 C/100pçs,Bat. Cr2032 C/100pçs,bateria cr2032
Bateria Cr2032 C/100pçs,Bateria Cr2032 C/100 unidades,bateria cr2032
Bateria Cr2032 C/100pçs,Bateria Cr2032 C/100 pç,bateria cr2032
Bateria Cr2032 C/100pçs,Bateria Cr2032 C/cem pçs,bateria cr2032
Bateria Cr2032 C/100pçs,Bateria Cr2032 C/100pçs,bateria cr2032
Bateria Cr2032 C/100pçs,Bateria Cr2032 C/100pçs,bateria cr2032
"Faixa Abdominal Pós Cirurgica Unissex 4 Gomos / Painéis 1,5m","Faixa Abdom. Pós Cirúrg. Unissex 4 Gomos / Painéis 1,5m","faixa abdominal pós cirúrgica, unissex, 4 gomos, 1,5m"
"Faixa Abdominal Pós Cirurgica Unissex 4 Gomos / Painéis 1,5m","Faixa Abdominal Pós Cirúrgica Unissex 4 Gomos / Pn 1,5m","faixa abdominal pós cirúrgica, unissex, 4 gomos, 1,5m"
"Faixa Abdominal Pós Cirurgica Unissex 4 Gomos / Painéis 1,5m",Faixa Abdominal Pós Cirurgica Unissex 4 Gomos / Painéis 150cm,"faixa abdominal pós cirúrgica, unissex - 150 cm"
"Faixa Abdominal Pós Cirurgica Unissex 4 Gomos / Painéis 1,5m","Faixa Abdominal Pós Cirurgica Unissex 4 Gomos / Painéis 1,5 metros","faixa abdominal pós cirúrgica, unissex - 150 cm"
"Faixa Abdominal Pós Cirurgica Unissex 4 Gomos / Painéis 1,5m","Faixa Abdominal Pós Cirurgica Unissexx 4 Gomos / Painéis 1,5m","faixa abdominal pós cirúrgica, unissex - 150 cm"
"Faixa Abdominal Pós Cirurgica Unissex 4 Gomos / Painéis 1,5m","Faixa Abdominal Pós Cirurgica Unissex 4 Gomos / Painéiss 1,5m","faixa abdominal pós cirúrgica, unissex - 150 cm"
Cargador Motorola Original Lomas De Zamora,Carg. Motorola Original Lomas De Zamora,"carregador Motorola original, lomas de zamora"
Cargador Motorola Original Lomas De Zamora,Cargador Motorola Orig. Lomas De Zamora,carregador Motorola original
Cargador Motorola Original Lomas De Zamora,Cargador Motorola Original Lomas De Zamora 1 Unid,carregador Motorola original
Cargador Motorola Original Lomas De Zamora,Cargador Motorola Original Lomas De Zamora Kit 1,carregador Motorola original
Cargador Motorola Original Lomas De Zamora,Cargador Motorolla Original Lomas De Zamora,carregador Motorola original
Cargador Motorola Original Lomas De Zamora,Cargador Motorola Original Lomas De Zamorra,carregador Motorola original
Pack X 13 Farol Jardin 32cm Exterior Apto Led E-27 Aluminio,Pack X 13 Farl. Jard. 32cm Ext. Apto Led E-27 Alum.,"farol de jardim alumínio 32cm, apto led, e-27"
Pack X 13 Farol Jardin 32cm Exterior Apto Led E-27 Aluminio,Pack X 13 Farol Jardim 32cm Ext. Apto Led E-27 Alumínio,"farol de jardim alumínio 32cm, apto led, e-27"
Pack X 13 Farol Jardin 32cm Exterior Apto Led E-27 Aluminio,"Pack X 13 Farol Jardin 0,32m Exterior Apto Led E-27 Aluminio","farol de jardim alumínio 32cm, apto led, e-27"
Pack X 13 Farol Jardin 32cm Exterior Apto Led E-27 Aluminio,Pack X 13 Farol Jardin 320mm Exterior Apto Led E-27 Aluminio,"farol de jardim alumínio 320mm, apto led, e-27"
Pack X 13 Farol Jardin 32cm Exterior Apto Led E-27 Aluminio,Pack X 13 Farol Jradin 32cm Exterior Apto Led E-27 Aluminio,"farol de jardim alumínio 32cm, apto led, e-27"
Pack X 13 Farol Jardin 32cm Exterior Apto Led E-27 Aluminio,Pack X 13 Farol Jardin 32cm Exteiror Apto Led E-27 Aluminio,"farol de jardim aluminio 32cm, apto led, e-27"
Clavos Bea Para Clavadora Neumatica Sk320,Clavos Bea P/ Clav. Neum. Sk320,pregos Bea sk320 para clavadora pneumática
Clavos Bea Para Clavadora Neumatica Sk320,Clavos Bea Para Clavadora Neumática Sk320,pregos Bea sk320 para clavadora pneumática
Clavos Bea Para Clavadora Neumatica Sk320,Clavos Bea Para Clavadora Neumatica Sk-320,pregos Bea sk-320 para clavadora pneumática
Clavos Bea Para Clavadora Neumatica Sk320,Clavos Bea Para Clavadora Neumatica Modelo Sk320,pregos Bea sk320 para clavadora pneumática
Clavos Bea Para Clavadora Neumatica Sk320,Clavos Bea Para Clavadora Neumatiac Sk320,clavos Bea sk320 para clavadora neumática
Clavos Bea Para Clavadora Neumatica Sk320,Clavos Bea Para Clavadorra Neumatica Sk320,clavos Bea sk320 para clavadora neumática
Bateria Heliar 50 Jd *** New Civic- Crv***baterias Roby***,Bat. Heliar 50 Jd *** New Civic- Crv***baterias Roby***,"bateria Heliar 50 jd compatível com new civic, crv"
Bateria Heliar 50 Jd *** New Civic- Crv***baterias Roby***,Bateria Heliar 50 Jd *** New Civic- Crv***bats. Roby***,"bateria Heliar 50 jd compatível com new civic, crv"
Bateria Heliar 50 Jd *** New Civic- Crv***baterias Roby***,Bateria Heliar 50Ah Jd *** New Civic- Crv***baterias Roby***,"bateria Heliar 50ah jd compatível com new civic, crv - 50 ah"
Bateria Heliar 50 Jd *** New Civic- Crv***baterias Roby***,Bateria Heliar 50 Ampéres Jd *** New Civic- Crv***baterias Roby***,"bateria Heliar new civic, crv - 50 a"
Bateria Heliar 50 Jd *** New Civic- Crv***baterias Roby***,Bateria Helair 50 Jd *** New Civic- Crv***baterias Roby***,"bateria Helair new civic, crv - 50 a"
Bateria Heliar 50 Jd *** New Civic- Crv***baterias Roby***,Bateria Heliar 50 Jd *** New Cvici- Crv***baterias Roby***,"bateria Heliar new cvici, crv - 50 a"
Ap Tp-link Wifi Powerline 4220 Av500  -24hs-,Ap Tp-link Wifi Powerl. 4220 Av500 -24hs-,powerline Tp-Link 4220 av500 wifi
Ap Tp-link Wifi Powerline 4220 Av500  -24hs-,Ap Tp-link Wifi Powerline 4220 Av500 -24h-,powerline Tp-Link 4220 av500 wifi
Ap Tp-link Wifi Powerline 4220 Av500  -24hs-,"Ap Tp-link Wifi Powerline 4220 Av-0,5k -24hs-","powerline Tp-Link 4220 wifi, 0,5kg"
Ap Tp-link Wifi Powerline 4220 Av500  -24hs-,Ap Tp-link Wifi Powerline 4220 Av 500Mbps -24hs-,"powerline Tp-Link 4220 wifi, 500mbps"
Ap Tp-link Wifi Powerline 4220 Av500  -24hs-,Ap Tp-link Wfii Powerline 4220 Av500 -24hs-,"powerline Tp-Link 4220 wifi, av500"
Ap Tp-link Wifi Powerline 4220 Av500  -24hs-,Ap Tp-link Wifi Powerline 4220 Av500 -24sh-,"powerline Tp-Link 4220 wifi, av500"
Poster Idolos Rock Banda Audioslave Quadro Retrô Tam A2 09,Post. Idolos Rock Banda Audioslave Quad. Retrô Tam A2 09,"poster idolos rock, banda audioslave, retrô, tamanho a2"
Poster Idolos Rock Banda Audioslave Quadro Retrô Tam A2 09,Poster Idolos Rock Banda Audioslave Quad. Retrô Tam A2 09,"poster 09 banda audioslave, quadro retrô, tamanho a2"
Poster Idolos Rock Banda Audioslave Quadro Retrô Tam A2 09,Poster Idolos Rock Banda Audioslave Quadro Retrô 420x594mm 09,"poster 09 banda audioslave, quadro retrô, 420x594mm"
Poster Idolos Rock Banda Audioslave Quadro Retrô Tam A2 09,Poster Idolos Rock Banda Audioslave Quadro Retrô 42x59cm 09,"poster 09 banda audioslave, quadro retrô, 42x59cm"
Poster Idolos Rock Banda Audioslave Quadro Retrô Tam A2 09,Poster Idolos Rock Bnad Audioslave Quadro Retrô Tam A2 09,"poster 09 banda audioslave, quadro retrô, tamanho a2"
Poster Idolos Rock Banda Audioslave Quadro Retrô Tam A2 09,Poster Idolos Rock Banda Audioslvae Quadro Retrô Tam A2 09,"poster 09 banda audioslave, quadro retrô, tamanho a2"
11 Packs Husares A4 Cuadriculadas 5 Perforaciones,11 Pcks Husares A4 Cuadric. 5 Perf.,"caderno Husares a4, cuadriculadas, 5 furos"
11 Packs Husares A4 Cuadriculadas 5 Perforaciones,11 Pacotes Husares A4 Cuad. 5 Perfor.,"caderno Husares a4, cuadriculadas, 5 furos"
11 Packs Husares A4 Cuadriculadas 5 Perforaciones,11 Packs Husares A4 Cuadriculadas 5 Furos,"caderno Husares a4, cuadriculadas, 5 furos"
11 Packs Husares A4 Cuadriculadas 5 Perforaciones,11 Packs Husares A4 Cuadriculadas 5 Perfur.,"caderno Husares a4, cuadriculadas, 5 furos"
11 Packs Husares A4 Cuadriculadas 5 Perforaciones,11 Paks Husares A4 Cuadriculadas 5 Perforaciones,"caderno Husares a4, cuadriculadas, 5 furos"
11 Packs Husares A4 Cuadriculadas 5 Perforaciones,11 Packs Husares A4 Cuadriculdas 5 Perforacines,"caderno Husares a4, cuadriculadas, 5 perforaciones"
Bomba De Agua   Skf Volkswagen 22210 8.3 L Diesel -,Bomba D Agua Skf VW 22210 8.3 L Diesel,"bomba d'água Skf 22210 vw, diesel - 8300 ml"
Bomba De Agua   Skf Volkswagen 22210 8.3 L Diesel -,"Bmba D Agua Skf Volks 22210 8,3L Diesel","bomba d'água Skf 22210 volks, diesel - 8300 ml"
Bomba De Agua   Skf Volkswagen 22210 8.3 L Diesel -,Bomba De Agua Skf Volkswagen 22210 8300ml Diesel,"bomba d'água Skf 22210 volkswagen, diesel - 8300 ml"
Bomba De Agua   Skf Volkswagen 22210 8.3 L Diesel -,"Bomba De Agua Skf Volkswagen 22210 8,3 Litros Diesel","bomba d'água Skf 22210 volkswagen, diesel - 8300 ml"
Bomba De Agua   Skf Volkswagen 22210 8.3 L Diesel -,Bomba De Agau Skf Volkswagen 22210 8.3 L Diesel,"bomba de água Skf 22210 diesel, volkswagen - 8300 ml"
Bomba De Agua   Skf Volkswagen 22210 8.3 L Diesel -,Bomba De Agua Skf Volskwagen 22210 8.3 L Diesel,"bomba de água Skf 22210 diesel, volkswagen - 8300 ml"
Inversora De Solda 160a Bivolt Boxer Flama 161 - Masc Fixa,Inv. De Solda 160a Biv. Boxer Flama 161 - Masc Fixa,"inversora de solda Boxer flama 161 bivolt 160a, máscara fixa"
Inversora De Solda 160a Bivolt Boxer Flama 161 - Masc Fixa,Inversora Solda 160a Bivolt Boxer Flama 161 - Msc Fixa,"inversora de solda Boxer flama 161 bivolt 160a, máscara fixa"
Inversora De Solda 160a Bivolt Boxer Flama 161 - Masc Fixa,Inversora De Solda 160 Amp Bivolt Boxer Flama 161 - Masc Fixa,"inversora de solda Boxer flama 161 bivolt 160 amp, máscara fixa"
Inversora De Solda 160a Bivolt Boxer Flama 161 - Masc Fixa,"Inversora De Solda 0,16ka Bivolt Boxer Flama 161 - Masc Fixa",inversora de solda Boxer flama 161 bivolt mascara fixa - 160 a
Inversora De Solda 160a Bivolt Boxer Flama 161 - Masc Fixa,Inversora De Solda 160a Bivolt Boxre Flama 161 - Masc Fixa,inversora de solda Boxer flama 161 bivolt mascara fixa - 160 a
Inversora De Solda 160a Bivolt Boxer Flama 161 - Masc Fixa,Inversora De Solda 160a Bivolt Boxer Flama 161 - Masc Fxia,inversora de solda Boxer flama 161 bivolt mascara fixa - 160 a
Combo Kit Xenon H7 8k + Hb4 8k + Bi-xenon Palio 6k ,Combo Kit Xenon H7 8k + Hb4 8k + Bi-xen Palio 6k,"kit xenon h7 8kg, hb4 8kg, bi-xenon palio 6kg"
Combo Kit Xenon H7 8k + Hb4 8k + Bi-xenon Palio 6k ,Cmb Kit Xenon H7 8k + Hb4 8k + Bi-xenon Palio 6k,"kit xenon h7 8kg, hb4 8kg, bi-xenon palio 6kg"
Combo Kit Xenon H7 8k + Hb4 8k + Bi-xenon Palio 6k ,Combo Kit Xenon H7 8000k + Hb4 8000k + Bi-xenon Palio 6000k,"kit xenon palio h7 8000k, hb4 8000k, bi-xenon 6000k"
Combo Kit Xenon H7 8k + Hb4 8k + Bi-xenon Palio 6k ,Combo Kit Xenon H7 8k + Hb4 8k + Bi-xenon Palio 6k Kelvin,"kit xenon palio h7 8000k, hb4 8000k, bi-xenon 6000k"
Combo Kit Xenon H7 8k + Hb4 8k + Bi-xenon Palio 6k ,Combo Kit Xeno H7 8k + Hb4 8k + Bi-xenon Palio 6k,"kit xenon palio h7 8000k, hb4 8000k, bi-xenon 6000k"
Combo Kit Xenon H7 8k + Hb4 8k + Bi-xenon Palio 6k ,Combo Kit Xenon H7 8k + Hb4 8k + Bi-xennon Palio 6k,"kit xenon palio h7 8000k, hb4 8000k, bi-xenon 6000k"
Dingo Dynostix - Pack 3 Unid (90 Gm),Dingo Dynostix - Pck 3 Un (90 Gm),brinquedo Dingo dynostix 90g
Dingo Dynostix - Pack 3 Unid (90 Gm),Dingo Dynostix - Pack 3 Ud (90 Gr),petisco Dingo dynostix - 90 g
Dingo Dynostix - Pack 3 Unid (90 Gm),"Dingo Dynostix - Pack 3 Unid (0,09 Kg)",petisco Dingo dynostix - 90 g
Dingo Dynostix - Pack 3 Unid (90 Gm),Dingo Dynostix - Pack 3 Unid (90 Gramas),petisco Dingo dynostix - 90 g
Dingo Dynostix - Pack 3 Unid (90 Gm),Dingo Dynostx - Pack 3 Unid (90 Gm),petisco Dingo dynostx - 90 g
Dingo Dynostix - Pack 3 Unid (90 Gm),Dingo Dynostix - Pack 3 Unid (90 Gmn),petisco Dingo dynostix - 90 g
Bordeadora De Cesped Black And Decker,Bord. De Cesped B&D,bordeadora de grama Black And Decker
Bordeadora De Cesped Black And Decker,Bordeadora De Cesped Blk And Dck,bordeadora de grama Black And Decker
Bordeadora De Cesped Black And Decker,Bordeadora De Cesped Black And Decker 1 uni,bordeadora de grama Black And Decker
Bordeadora De Cesped Black And Decker,Bordeadora De Cesped Black And Decker un,bordeadora de grama Black And Decker
Bordeadora De Cesped Black And Decker,Bordeadora De Cesped Blcak And Decker,bordeadora de grama Black And Decker
Bordeadora De Cesped Black And Decker,Bordeadora De Cesped Black And Decer,aparador de grama Black And Decker bordeadora de cesped
 Pelota Futbol Goalty Embo Nº 5 (3 Colores),Pelota Fut. Goalty Embo Nº 5 (3 Cols),bola de futebol Goalty embo nº 5
 Pelota Futbol Goalty Embo Nº 5 (3 Colores),Pelota Futbol Goalty Embo Nº 5 (3 Col.),bola de futebol Goalty embo nº 5
 Pelota Futbol Goalty Embo Nº 5 (3 Colores),Pelota Futbol Goalty Embo Nº Cinco (3 Colores),bola de futebol Goalty embo nº 5
 Pelota Futbol Goalty Embo Nº 5 (3 Colores),Pelota Futbol Goalty Embo Nº 5.0 (3 Colores),bola de futebol Goalty embo nº 5
 Pelota Futbol Goalty Embo Nº 5 (3 Colores),Pelota Futbol Goalty Emob Nº 5 (3 Colores),bola de futebol Goalty 3 cores emob nº 5
 Pelota Futbol Goalty Embo Nº 5 (3 Colores),Pelota Futbol Galty Embo Nº 5 (3 Colores),bola de futebol Galty 3 cores embo nº 5
Renault Gordini Jgo. Reparación De Carburador Solex 32 Pibt,Ren. Gordini Jgo. Rep. Carburador Solex 32 Pibt,jogo de reparo de carburador Renault solex 32 pibt gordini
Renault Gordini Jgo. Reparación De Carburador Solex 32 Pibt,Renault Gordini Jgo. Reparacion De Carb. Solex 32 Pibt,jogo de reparo de carburador Renault solex 32 pibt gordini
Renault Gordini Jgo. Reparación De Carburador Solex 32 Pibt,Renault Gordini Jgo. Reparacion De Carburador Solex 32mm Pibt,jogo de reparo de carburador Renault solex 32mm pibt gordini
Renault Gordini Jgo. Reparación De Carburador Solex 32 Pibt,Renault Gordini Jgo. Reparacion De Carburador Solex 32.0 Pibt,jogo de reparo de carburador Renault gordini solex 32.0 pibt
Renault Gordini Jgo. Reparación De Carburador Solex 32 Pibt,Renualt Gordini Jgo. Reparacion De Carburador Solex 32 Pibt,jogo de reparo de carburador Renault gordini solex 32 pibt
Renault Gordini Jgo. Reparación De Carburador Solex 32 Pibt,Renault Gordini Jgo. Reparacion De Carburador Solex 32 Pitb,jogo de reparo de carburador Renault gordini solex 32 pitb
Tela A Cuadros,Tela A Cuad.,tela a cuadros
Tela A Cuadros,Tl. A Cuadros,tela a cuadros
Tela A Cuadros,Tela A Cuadros 1m,tecido xadrez a cuadros - 1 m
Tela A Cuadros,Tela A Cuadros 100cm,tecido xadrez a cuadros - 100 cm
Tela A Cuadros,Tela A Cuadros,tecido xadrez a cuadros
Tela A Cuadros,Tela A Caudros,tecido xadrez a cuadros
Butaca Para Auto Bebesit Niño Bebe,Butaca P/ Auto Bebesit Niño Bebe,cadeirinha de carro Bebesit para criança
Butaca Para Auto Bebesit Niño Bebe,Butaca Para Auto Bebesit Nño Bb,cadeirinha para auto Bebesit
Butaca Para Auto Bebesit Niño Bebe,Butaca Para Auto Bebesit Niño Bebe (1 unidad),cadeirinha para auto Bebesit
Butaca Para Auto Bebesit Niño Bebe,Butaca Para Auto Bebesit Niño Bebe 1u,cadeirinha para auto Bebesit
Butaca Para Auto Bebesit Niño Bebe,Butaca Para Auto Bebesit Niño Beeb,cadeirinha para auto Bebesit
Butaca Para Auto Bebesit Niño Bebe,Butaca Para Auto Bebesit Nñio Bebe,cadeirinha para auto Bebesit
"Sapo Kit 1 Sapo, 1 Vieja, 1 Molinetes Y 10 Fichas","Sapo Kit 1 Sapo, 1 Viej, 1 Molin. Y 10 Fichas","jogo de sapo 1 sapo, 1 vieja, 1 molinete, 10 fichas"
"Sapo Kit 1 Sapo, 1 Vieja, 1 Molinetes Y 10 Fichas","Sapo Kit 1 Sapo, 1 Viej, 1 Molin. E 10 Fichs","jogo de sapo 1 sapo, 1 vieja, 1 molinete, 10 fichas"
"Sapo Kit 1 Sapo, 1 Vieja, 1 Molinetes Y 10 Fichas","Sapo Kit 1 Sapo, 1 Vieja, 1 Molinetes Y 10 unidades de Fichas","jogo de sapo 1 sapo, 1 vieja, 1 molinete, 10 fichas"
"Sapo Kit 1 Sapo, 1 Vieja, 1 Molinetes Y 10 Fichas","Sapo Kit 1 Sapo, 1 Vieja, 1 Molinetes Y 10 un. Fichas","jogo de sapo 1 sapo, 1 vieja, 1 molinete, 10 fichas"
"Sapo Kit 1 Sapo, 1 Vieja, 1 Molinetes Y 10 Fichas","Sapo Kit 1 Sapo, 1 Vieja, 1 Molinetes Y 10 Fihcas","jogo de sapo 1 sapo, 1 vieja, 1 molinete, 10 fichas"
"Sapo Kit 1 Sapo, 1 Vieja, 1 Molinetes Y 10 Fichas","Sapo Kit 1 Sapo, 1 Vieja, 1 Molinets Y 10 Fichas","jogo de sapo 1 sapo, 1 vieja, 1 molinets, 10 fichas"
Kit 2 Espeto Duplo 70cm 1 Duplo Chato 1 Garfo Burim,Kit 2 Esp. Duplo 70cm 1 Duplo Chato 1 Garfo Burim,"kit de espetos Burim 2 espetos duplos 70cm, 1 espeto duplo chato, 1 garfo"
Kit 2 Espeto Duplo 70cm 1 Duplo Chato 1 Garfo Burim,Kit 2 Espeto Duplo 70cm 1 Duplo Chat. 1 Garfo Burim,"kit de espetos Burim 2 espetos duplos 70cm, 1 espeto duplo chato, 1 garfo"
Kit 2 Espeto Duplo 70cm 1 Duplo Chato 1 Garfo Burim,"Kit 2 Espeto Duplo 0,7m 1 Duplo Chato 1 Garfo Burim","kit de espetos Burim 2 espetos duplos 0,7m, 1 espeto duplo chato, 1 garfo"
Kit 2 Espeto Duplo 70cm 1 Duplo Chato 1 Garfo Burim,Kit 2 Espeto Duplo 700mm 1 Duplo Chato 1 Garfo Burim,"kit de espetos Burim 2 espetos duplos 700mm, 1 espeto duplo chato, 1 garfo"
Kit 2 Espeto Duplo 70cm 1 Duplo Chato 1 Garfo Burim,Kit 2 Espeto Duplo 70nc 1 Duplo Chato 1 Garfo Burim,"espeto Burim 2 espetos duplos 70cm, 1 espeto duplo chato, 1 garfo"
Kit 2 Espeto Duplo 70cm 1 Duplo Chato 1 Garfo Burim,Kit 2 Espeto Duplo 70cm 1 Duplo Chato 1 Garfo Burimn,"espeto Burimn 2 espetos duplos 70cm, 1 espeto duplo chato, 1 garfo"
Mini Macaco Automotivo Joelho Mercedes Classe C Para 800kg,Mini Macaco Autom. Joelho Mercedes Classe C Para 800kg,macaco automotivo Mercedes classe c tipo joelho - 800 kg
Mini Macaco Automotivo Joelho Mercedes Classe C Para 800kg,Mini Macaco Automotivo Joelho Mercede. Classe C Para 800kg,macaco automotivo Mercedes classe c tipo joelho - 800 kg
Mini Macaco Automotivo Joelho Mercedes Classe C Para 800kg,"Mini Macaco Automotivo Joelho Mercedes Classe C Para 0,8t",macaco automotivo Mercedes classe c tipo joelho - 800 kg
Mini Macaco Automotivo Joelho Mercedes Classe C Para 800kg,Mini Macaco Automotivo Joelho Mercedes Classe C Para 800 kilos,"macaco automotivo Mercedes classe c mini, joelho - 800 kg"
Mini Macaco Automotivo Joelho Mercedes Classe C Para 800kg,Mini Macaco Automotivo Joelho Merce des Classe C Para 800kg,"macaco automotivo Mercedes classe c mini, joelho - 800 kg"
Mini Macaco Automotivo Joelho Mercedes Classe C Para 800kg,Mini Macaco Automotivo Joelho Mercedes Classe C Para 800kgk,"macaco automotivo Mercedes classe c mini, joelho - 800 kg"
Modelador Cachos Cabelo Moda Beleza Prancha Secador,Modelador Cachos Cabelo Moda Beleza Prancha Sec.,"modelador de cachos prancha, secador"
Modelador Cachos Cabelo Moda Beleza Prancha Secador,Modelador Cachos Cabelo Moda Belez. Prancha Secador,"modelador de cachos prancha, secador"
Modelador Cachos Cabelo Moda Beleza Prancha Secador,Modelador Cachos Cabelo Moda Beleza Prancha Secador (unidade),"modelador de cachos prancha, secador"
Modelador Cachos Cabelo Moda Beleza Prancha Secador,Modelador Cachos Cabelo Moda Beleza Prancha Secador 1 un,"modelador de cachos prancha, secador"
Modelador Cachos Cabelo Moda Beleza Prancha Secador,Modelador Cachos Cabelo Moda Bele za Prancha Secador,"modelador de cachos prancha, secador"
Modelador Cachos Cabelo Moda Beleza Prancha Secador,Modelador Cachos Cabelo Moda Beleza Prancha Secadorr,"modelador de cachos prancha, secador"
Pileta De Lona Mor 3.20x1.64x0.58 Mts 3000 Lts ,Pileta De Lona Mor 3.20x1.64x0.58 Mts 3000 L.,piscina Mor lona 3.20x1.64x0.58 mts - 3000000 ml
Pileta De Lona Mor 3.20x1.64x0.58 Mts 3000 Lts ,Pileta De Lona Mor 3.20x1.64x0.58 M. 3000 Lts,piscina de lona Mor lona 3.20x1.64x0.58 m - 3000000 ml
Pileta De Lona Mor 3.20x1.64x0.58 Mts 3000 Lts ,"Pileta De Lona Mor 3,2m x 1,64m x 0,58m 3000 Lts","piscina de lona Mor lona 3,2m x 1,64m x 0,58m - 3000000 ml"
Pileta De Lona Mor 3.20x1.64x0.58 Mts 3000 Lts ,Pileta De Lona Mor 3.20x1.64x0.58 Mts 3 m3,piscina de lona Mor lona 3.20x1.64x0.58 mts - 3000000 ml
Pileta De Lona Mor 3.20x1.64x0.58 Mts 3000 Lts ,Pileta De Lona Mor 3.20x1.64x0.58 Mts 3000 Lst,piscina de lona Mor lona 3.20x1.64x0.58 mts - 3000000 ml
Pileta De Lona Mor 3.20x1.64x0.58 Mts 3000 Lts ,Pileta De Lona Mor 3.20x1.64x0.58 Mts 3000 Lts s,piscina de lona Mor lona 3.20x1.64x0.58 mts - 3000000 ml
Switch Tp-link Tl-sg1016 16 Bocas 10/100 Rackeable 32 Gbps,Swtch Tp-link Tl-sg1016 16 Bcs 10/100 Rackeable 32 Gbps,"switch Tp-Link tl-sg1016 10/100, rackeable, 32 gbps"
Switch Tp-link Tl-sg1016 16 Bocas 10/100 Rackeable 32 Gbps,Switch Tp-link Tl-sg1016 16 Portas 10/100 Rck 32 Gbps,"switch Tp-Link tl-sg1016 10/100, rck, 32 gbps"
Switch Tp-link Tl-sg1016 16 Bocas 10/100 Rackeable 32 Gbps,Switch Tp-link Tl-sg1016 16 Bocas 10/100 Rackeable 32 Gigabits por segundo,"switch Tp-Link tl-sg1016 10/100, rackeable, 32 gigabits por segundo"
Switch Tp-link Tl-sg1016 16 Bocas 10/100 Rackeable 32 Gbps,Switch Tp-link Tl-sg1016 16 Bocas 10/100 Rackeable 0.032 Tbps,"switch Tp-Link tl-sg1016 10/100, rackeable, 0.032 tbps"
Switch Tp-link Tl-sg1016 16 Bocas 10/100 Rackeable 32 Gbps,Swtich Tp-link Tl-sg1016 16 Bocas 10/100 Rackeable 32 Gbps,"switch Tp-Link tl-sg1016 10/100, rackeable, 32 gbps"
Switch Tp-link Tl-sg1016 16 Bocas 10/100 Rackeable 32 Gbps,Switch Tp-link Tl-sg1016 16 Bocas 10/100 Rackeable 32 Gpbs,switch Tp-Link tl-sg1016 10/100 rackeable 32 gpbs
"Cama Elástica Pula Pula 1,50m - Frete Gratis","Cm Elástica Pula Pula 1,50m - Frete Grat.","cama elástica 1,50m"
"Cama Elástica Pula Pula 1,50m - Frete Gratis","Cama Elast. Pula Pula 1,50m - Fret Grátis","cama elástica 1,50m"
"Cama Elástica Pula Pula 1,50m - Frete Gratis",Cama Elástica Pula Pula 150cm - Frete Gratis,cama elástica 150cm
"Cama Elástica Pula Pula 1,50m - Frete Gratis","Cama Elástica Pula Pula 1,5m - Frete Gratis","cama elástica 1,5m"
"Cama Elástica Pula Pula 1,50m - Frete Gratis","Cama Elástcia Pula Pula 1,50m - Frete Gratis","cama elástica pula pula - 1,50m"
"Cama Elástica Pula Pula 1,50m - Frete Gratis","Cama Elástica Pula Pula 1,50m - Fret Gratis","cama elástica pula pula - 1,50m"
Cinturones De Seguridad Volkswagen Vento Passat Liquido!,Cint. De Seg. Volkswagen Vento Passat Liquido!,cinto de segurança Volkswagen vento passat
Cinturones De Seguridad Volkswagen Vento Passat Liquido!,Cinturones De Seg. VW Vento Passat Liq!,cinto de segurança Volkswagen vento passat
Cinturones De Seguridad Volkswagen Vento Passat Liquido!,Cinturones De Seguridad Volkswagen Vento Passat Liquido! (Kit),cinto de segurança Volkswagen vento passat
Cinturones De Seguridad Volkswagen Vento Passat Liquido!,Cinturones De Seguridad Volkswagen Vento Passat Liquido! (Unidade),cinto de segurança Volkswagen vento passat liquido
Cinturones De Seguridad Volkswagen Vento Passat Liquido!,Cinturones De Seguridade Volkswagen Vento Passat Liquido!,cinto de segurança Volkswagen vento passat liquido
Cinturones De Seguridad Volkswagen Vento Passat Liquido!,Cinturones De Seguridad Volkswagen Vento Passat Liqiudo!,cinto de segurança Volkswagen vento passat liqiudo
Flexivel Freio Dianteiro Toyota Hilux 4x4 Após 1996/ 355mm,Flex. Freio Diant. Toyota Hilux 4x4 Após 1996/ 355mm,"flexível de freio Toyota hilux 4x4 dianteiro, após 1996, 355mm"
Flexivel Freio Dianteiro Toyota Hilux 4x4 Após 1996/ 355mm,Flexivel Freio Dianteiro Toyota Hilux 4x4 Após 96/ 355mm,"flexível de freio Toyota hilux 4x4 dianteiro, após 96, 355mm"
Flexivel Freio Dianteiro Toyota Hilux 4x4 Após 1996/ 355mm,"Flexivel Freio Dianteiro Toyota Hilux 4x4 Após 1996/ 35,5cm","flexível de freio Toyota hilux 4x4 dianteiro, após 1996 - 35,5cm"
Flexivel Freio Dianteiro Toyota Hilux 4x4 Após 1996/ 355mm,"Flexivel Freio Dianteiro Toyota Hilux 4x4 Após 1996/ 0,355m","flexível de freio Toyota hilux 4x4 dianteiro, após 1996 - 35,5cm"
Flexivel Freio Dianteiro Toyota Hilux 4x4 Após 1996/ 355mm,Flexivel Freio Dianteiro Toyota Hilux 4x4 Apó s1996/ 355mm,"flexível de freio Toyota hilux 4x4 dianteiro, após 1996 - 35,5cm"
Flexivel Freio Dianteiro Toyota Hilux 4x4 Após 1996/ 355mm,Flexivel Freio Dianteiro Toyota Hilux 4x4 Após 1996/ 355nm,"flexível de freio Toyota hilux 4x4 dianteiro, após 1996, 355nm"
Rosario En Piedras Para Hombre,Ros. Em Piedras Para Homem,rosário para homem
Rosario En Piedras Para Hombre,Rosario Em Pdr Para Hombre,rosário pedra para homem
Rosario En Piedras Para Hombre,Rosario En Piedras Para Hombre (1 unidade),rosário pedra para homem
Rosario En Piedras Para Hombre,Rosario En Piedras Para Hombre (1 un),rosário pedra para homem
Rosario En Piedras Para Hombre,Rsoario En Piedras Para Hombre,rosário pedra para homem
Rosario En Piedras Para Hombre,Rosario En Piedras Para Homber,rosário pedra para homem
"Máscara De Mascarada Divinidad Con Plumas Pure Seasons, Café","Masc. De Mascarada Divinidad Con Plumas Pure Seasons, Café",máscara Pure Seasons café divinidad plumas mascarada
"Máscara De Mascarada Divinidad Con Plumas Pure Seasons, Café","Máscara De Mascarada Divinidad C/ Plumas Pure Seasons, Café",máscara Pure Seasons café divinidad plumas mascarada
"Máscara De Mascarada Divinidad Con Plumas Pure Seasons, Café","Máscara De Mascarada Divinidad Con Plumas Pure Seasons, Café (Cor: Marrom)",máscara Pure Seasons marrom divinidad plumas mascarada
"Máscara De Mascarada Divinidad Con Plumas Pure Seasons, Café","Máscara De Mascarada Divinidad Con Plumas Pure Seasons, Marron",máscara Pure Seasons marrom divinidad plumas mascarada
"Máscara De Mascarada Divinidad Con Plumas Pure Seasons, Café","Máscara De Mascarada Divinidda Con Plumas Pure Seasons, Café",máscara Pure Seasons café divinidda plumas mascarada
"Máscara De Mascarada Divinidad Con Plumas Pure Seasons, Café","Máscara De Mascarada Divinidad Con Plumas Pure Seassons, Café",máscara Pure Seassons café divinidad plumas mascarada
Algodão100g Prensado Para Polimento C/ 10 Unidades - Zigzag,Alg. 100g Prensado P/ Polimento C/ 10 Unid. - Zigzag,algodão para polimento Zigzag algodão prensado - 100 g
Algodão100g Prensado Para Polimento C/ 10 Unidades - Zigzag,Algodão 100g Prensado Para Polimento C/ 10 Un. - Zigzag,algodão para polimento Zigzag algodão prensado - 100 g
Algodão100g Prensado Para Polimento C/ 10 Unidades - Zigzag,"Algodão 0,1kg Prensado Para Polimento C/ 10 Unidades - Zigzag",algodão para polimento Zigzag algodão prensado - 100 g
Algodão100g Prensado Para Polimento C/ 10 Unidades - Zigzag,Algodão 100 gramas Prensado Para Polimento C/ 10 Unidades - Zigzag,algodão para polimento Zigzag algodão prensado - 100 g
Algodão100g Prensado Para Polimento C/ 10 Unidades - Zigzag,Algdoão 100g Prensado Para Polimento C/ 10 Unidades - Zigzag,algodão Zigzag prensado para polimento - 100 g
Algodão100g Prensado Para Polimento C/ 10 Unidades - Zigzag,Algodão 100g Prensado Para Poliemnto C/ 10 Unidades - Zigzag,algodão Zigzag prensado para polimento - 100 g
Remato Iluminacion Hogar Vs,Rem. Ilum. Hogar Vs,iluminação vs remate
Remato Iluminacion Hogar Vs,Remato Iluminacion Hog. Vs,iluminação vs remate
Remato Iluminacion Hogar Vs,Remato Iluminacion Hogar Vs (Versao 1),iluminação vs (versao 1) remate
Remato Iluminacion Hogar Vs,Remato Iluminacion Hogar Vs (Unidade),iluminação Remato vs hogar
Remato Iluminacion Hogar Vs,Remtao Iluminacion Hogar Vs,iluminação Remtao vs hogar
Remato Iluminacion Hogar Vs,Remato Iluminacion Hgoar Vs,iluminação Remato vs hgoar
"Shengshou 5x 5 X 5 V Iii, Velocidade De Quebra-cabeça Cubo,","Shengshou 5x5x5 V III, Vel. De Quebra-cab. Cubo,",cubo mágico Shengshou 5x5x5 v iii velocidade
"Shengshou 5x 5 X 5 V Iii, Velocidade De Quebra-cabeça Cubo,","Shengshou 5x5x5 V III, Velocidade De Quebra-cabeça Cb,",cubo mágico Shengshou 5x5x5 v iii velocidade
"Shengshou 5x 5 X 5 V Iii, Velocidade De Quebra-cabeça Cubo,","Shengshou 5x5x5 V 3, Velocidade De Quebra-cabeça Cubo,",cubo mágico Shengshou 5x5x5 v 3 velocidade
"Shengshou 5x 5 X 5 V Iii, Velocidade De Quebra-cabeça Cubo,","Shengshou 5x5x5 V III, Velocidade De Quebra-cabeça Cubo (Unidade)",cubo mágico Shengshou 5x5x5 v iii velocidade
"Shengshou 5x 5 X 5 V Iii, Velocidade De Quebra-cabeça Cubo,","Shengshou 5x 5 X 5 V Iii, Velocdiade De Quebra-cabeça Cubo,",cubo mágico Shengshou 5x5x5 v iii velocidade
"Shengshou 5x 5 X 5 V Iii, Velocidade De Quebra-cabeça Cubo,","Shengshou 5x 5 X 5 V Iii, Velocidade De Quebra-cabeça Cbuo,",cubo mágico Shengshou 5x5x5 v iii velocidade
Kit Transmisión Chevrolet Captiva 2.2 Vcdi 11- Rue/der,Kit Transm. Chevrolet Captiva 2.2 Vcdi 11- Rue/der,kit transmissão Chevrolet captiva 2.2 vcdi ano 2011
Kit Transmisión Chevrolet Captiva 2.2 Vcdi 11- Rue/der,Kit Transmisión Chev. Captiva 2.2 Vcdi 11- Rue/der,"kit transmissão Chevrolet captiva 2.2 vcdi ano 11-, rue/der"
Kit Transmisión Chevrolet Captiva 2.2 Vcdi 11- Rue/der,"Kit Transmisión Chevrolet Captiva 2,2 L Vcdi 11- Rue/der","kit transmissão Chevrolet captiva 2200ml vcdi ano 11-, rue/der - 2200 ml"
Kit Transmisión Chevrolet Captiva 2.2 Vcdi 11- Rue/der,Kit Transmisión Chevrolet Captiva 2200cc Vcdi 11- Rue/der,"kit transmissão Chevrolet captiva 2200cc vcdi ano 11-, rue/der, 2200cc"
Kit Transmisión Chevrolet Captiva 2.2 Vcdi 11- Rue/der,Kit Transmisión Chevroelt Captiva 2.2 Vcdi 11- Rue/der,"kit transmissão Chevrolet captiva 2.2 vcdi ano 11-, rue/der"
Kit Transmisión Chevrolet Captiva 2.2 Vcdi 11- Rue/der,Kit Transmisión Chevrolet Captiva 2.2 Vcdi 11- Rue/dre,"kit transmissão Chevrolet captiva 2.2 vcdi ano 11-, rue/dre"
Oferta! Cerámica San Lorenzo Caleta Pilkin Gris 2da 30x40,Oferta! Cerám. San Lorenzo Caleta Pilkin Gris 2da 30x40,"cerâmica San Lorenzo gris caleta pilkin 30x40, 2da"
Oferta! Cerámica San Lorenzo Caleta Pilkin Gris 2da 30x40,Ofert. Cerámica San Lorenzo Caleta Pilkin Gris 2da 30x40,"cerâmica San Lorenzo gris caleta pilkin 30x40, 2da"
Oferta! Cerámica San Lorenzo Caleta Pilkin Gris 2da 30x40,"Oferta! Cerámica San Lorenzo Caleta Pilkin Gris 2da 0,3x0,4m","cerâmica San Lorenzo gris caleta pilkin 0,3x0,4m, 2da"
Oferta! Cerámica San Lorenzo Caleta Pilkin Gris 2da 30x40,Oferta! Cerámica San Lorenzo Caleta Pilkin Gris 2da 300x400mm,"cerâmica San Lorenzo gris caleta pilkin 300x400mm, 2da"
Oferta! Cerámica San Lorenzo Caleta Pilkin Gris 2da 30x40,Oferta! Cerámica San Lornzeo Caleta Pilkin Gris 2da 30x40,"cerâmica San Lornzeo gris caleta pilkin 30x40, 2da"
Oferta! Cerámica San Lorenzo Caleta Pilkin Gris 2da 30x40,Oferta! Cerámica San Lorenzo Caleta Pilkin Gris 2da 30x4o,cerâmica San Lorenzo gris caleta pilkin cerâmica 30x40
Pcb Bms 15a 6s 24v Junta De Protección Para 18650 Li-ion De ,Pcb Bms 15a 6s 24v Jta. De Prot. Para 18650 Li-ion De,placa de proteção bms 15a 6s 24v para 18650 li-ion
Pcb Bms 15a 6s 24v Junta De Protección Para 18650 Li-ion De ,Pcb Bms 15a 6s 24v Junta De Prot. Para 18650 Li-ion De,placa de proteção bms 15a 6s 24v para 18650 li-ion
Pcb Bms 15a 6s 24v Junta De Protección Para 18650 Li-ion De ,Pcb Bms 15amper 6s 24v Junta De Protección Para 18650 Li-ion De,placa de proteção bms 15a 6s 24v para 18650 li-ion
Pcb Bms 15a 6s 24v Junta De Protección Para 18650 Li-ion De ,"Pcb Bms 15a 6s 0,024kv Junta De Protección Para 18650 Li-ion De",placa de proteção bms 15a 6s 24v para 18650 li-ion
Pcb Bms 15a 6s 24v Junta De Protección Para 18650 Li-ion De ,Pcb Bms 15a 6s 24v Junta De Proteção Para 18650 Li-ion De,placa de proteção bms 15a 6s 24v para 18650 li-ion
Pcb Bms 15a 6s 24v Junta De Protección Para 18650 Li-ion De ,Pcb Bms 15a 6s 24v Junta De Protrección Para 18650 Li-ion De,placa de proteção bms 15a 6s 24v para 18650 li-ion
Novation Nio 2/4 Placa De Sonido 2 In 2 4 Out -dsp,Novation Nio 2/4 Placa De Som 2 In 2 4 Out -dsp,"placa de som Novation nio 2/4 2 in 4 out, dsp"
Novation Nio 2/4 Placa De Sonido 2 In 2 4 Out -dsp,Novation Nio 2/4 Placa De Sonido 2 In 2 4 Out -dsp,"placa de som Novation nio 2/4 2 in 4 out, dsp"
Novation Nio 2/4 Placa De Sonido 2 In 2 4 Out -dsp,Novation Nio 2/4 Placa De Sonido 2 Entradas 4 Saídas -dsp,"placa de som Novation nio 2/4 2 entradas 4 saídas, dsp"
Novation Nio 2/4 Placa De Sonido 2 In 2 4 Out -dsp,Novation Nio 2/4 Placa De Sonido 2in 4out -dsp,"placa de som Novation nio 2/4 2in 4out, dsp"
Novation Nio 2/4 Placa De Sonido 2 In 2 4 Out -dsp,Novation Nio 2/4 Placa De Sondi De 2 In 2 4 Out -dsp,"placa de som Novation nio 2/4 2 in 4 out, dsp"
Novation Nio 2/4 Placa De Sonido 2 In 2 4 Out -dsp,Novation Nio 2/4 Placa De Sonido 2 In 2 4 Otu -dsp,"placa de som Novation nio 2/4 2 in 4 out, dsp"
Almohadon Bebes Niñas Tejido En Crochet Unicornio,Almohadon Bebes Niñas Tej. En Crochet Unicornio,"almofada crochê bebês meninas, tema unicórnio"
Almohadon Bebes Niñas Tejido En Crochet Unicornio,Almohadon Bebes Niñas Tejido En Croch. Unicornio,"almofada crochê bebês meninas, tema unicórnio"
Almohadon Bebes Niñas Tejido En Crochet Unicornio,Almohadon 1 Unid. Bebes Niñas Tejido En Crochet Unicornio,almofada unicornio crochê bebês meninas
Almohadon Bebes Niñas Tejido En Crochet Unicornio,Almohadon Bebes Niñas Tejido En Crochet 1 Unit. Unicornio,almofada unicornio crochê bebês meninas
Almohadon Bebes Niñas Tejido En Crochet Unicornio,Almohadon Bebes Niñas Teijdo En Crochet Unicornio,almofada unicornio crochê bebês meninas
Almohadon Bebes Niñas Tejido En Crochet Unicornio,Almohadon Bebes Niñas Tejido En Crohcet Unicornio,almofada unicornio crochê bebês meninas
"Frapera Homero, Boca Y River Hermosas! Chapa De Zinc X 6und","Frapera Homero, Boca Y River Hermosas! Chapa De Zinc X 6u.",frapera homero zinco boca e river
"Frapera Homero, Boca Y River Hermosas! Chapa De Zinc X 6und","Frapera Homero, Boca Y River Hermosas! Chapa De Zinc X 6und.","frapera homero, boca y river chapa de zinc hermosas"
"Frapera Homero, Boca Y River Hermosas! Chapa De Zinc X 6und","Frapera Homero, Boca Y River Hermosas! Chapa De Zinc Pacote 6","frapera homero, boca y river chapa de zinc hermosas"
"Frapera Homero, Boca Y River Hermosas! Chapa De Zinc X 6und","Frapera Homero, Boca Y River Hermosas! Chapa De Zinc 6 unidades","frapera homero, boca y river chapa de zinc hermosas"
"Frapera Homero, Boca Y River Hermosas! Chapa De Zinc X 6und","Frapera Homero, Boca Y River Hermosas! Chapa De Znic X 6und","frapera homero, boca y river chapa de zinc hermosas"
"Frapera Homero, Boca Y River Hermosas! Chapa De Zinc X 6und","Frapera Homero, Boca Y River Hermosas! Chapa De Zinc X 6udn","frapera homero, boca y river chapa de zinc hermosas"
Estabilizador Dslr + Engate Rápido,Estabiliz. Dslr + Engate Ráp.,"estabilizador dslr, engate rápido"
Estabilizador Dslr + Engate Rápido,Estabil. Dslr + Eng. Rápido,"estabilizador dslr, engate rápido"
Estabilizador Dslr + Engate Rápido,Estabilizador Dslr + Engate Rápido 1un,"estabilizador dslr, engate rápido"
Estabilizador Dslr + Engate Rápido,Estabilizador Dslr + Engate Rápido unit,"estabilizador dslr, engate rápido"
Estabilizador Dslr + Engate Rápido,Estabilizadror Dslr + Engate Rápido,"estabilizador dslr, engate rápido"
Estabilizador Dslr + Engate Rápido,Estabilizador Dslr + Engate Rápidp,"estabilizador dslr, engate rápido"
Tapa De Cilindro Peugueot 205 1.4,Tapa Cil. Peugueot 205 1.4,tampa de cilindro Peugeot 205 1.4
Tapa De Cilindro Peugueot 205 1.4,Tapa de Cil. Peugueot 205 1.4,tampa de cilindro Peugeot 205 1.4
Tapa De Cilindro Peugueot 205 1.4,Tapa De Cilindro Peugueot 205 1400cc,tampa de cilindro Peugeot 205 1400cc
Tapa De Cilindro Peugueot 205 1.4,Tapa De Cilindro Peugueot 205 1.4L,tampa de cilindro Peugeot 205 - 1400 ml
Tapa De Cilindro Peugueot 205 1.4,Tapa De Cilindro Peugueot 205 1.44,tampa de cilindro Peugeot 205 - 1.4 l
Tapa De Cilindro Peugueot 205 1.4,Tapa De Cilindro Peugueot 205 1.54,tampa de cilindro Peugeot 205 - 1.5 l
Burlete Baul Renault 12 1990 A 1994,Burlete Baul Ren. 12 1990-1994,borracha de vedação do porta-malas Renault 12 1990-1994
Burlete Baul Renault 12 1990 A 1994,Burlete Baul Renault 12 90 a 94,borracha de vedação do porta-malas Renault 12 90 a 94
Burlete Baul Renault 12 1990 A 1994,Burlete Baul Renault 12 1990 ate 1994,borracha de vedação do porta-malas Renault 12 1990 ate 1994
Burlete Baul Renault 12 1990 A 1994,Burlete Baul Renault 12 periodo 90-94,burlete baul Renault 12 periodo 90-94
Burlete Baul Renault 12 1990 A 1994,Burlete Baul Renualt 12 1990 A 1994,burlete baul Renault 12 1990 a 1994
Burlete Baul Renault 12 1990 A 1994,Burlete Baul Renault 12 1990 A 1949,burlete baul Renault 12 1990 a 1949
Tablero Encendido Estre-trian Abb 15-20- 25 Hp Faoelectric,Tablero Enc. Estre-trian Abb 15-20-25 Hp Faoelect.,"tablero encendido Abb 15-20-25 hp estre-trian, faoelect"
Tablero Encendido Estre-trian Abb 15-20- 25 Hp Faoelectric,Tablero Encendido Estre-trian Abb 15-20-25 Hp Faoelec,"tablero encendido Abb 15-20-25 hp estre-trian, faoelec"
Tablero Encendido Estre-trian Abb 15-20- 25 Hp Faoelectric,Tablero Encendido Estre-trian Abb 15 20 25 Horsepower Faoelectric,"tablero encendido Abb estre-trian, 15 20 25 horsepower, faoelectric"
Tablero Encendido Estre-trian Abb 15-20- 25 Hp Faoelectric,Tablero Encendido Estre-trian Abb 15-20-25 Hp Faoelectric,"tablero encendido Abb estre-trian, 15-20-25 hp, faoelectric"
Tablero Encendido Estre-trian Abb 15-20- 25 Hp Faoelectric,Tablero Encendido Estre-trian Abb 15-20- 25 Hp Faoelectirc,"tablero encendido Abb estre-trian, 15-20-25 hp, faoelectirc"
Tablero Encendido Estre-trian Abb 15-20- 25 Hp Faoelectric,Tablero Encendido Estre-trian Abb 15-20- 25 Hp Faoelctric,"tablero encendido Abb estre-trian, 15-20-25 hp, faoelctric"
"Kit Para Notebook Cifra 6 Elementos, Con Estuche Y Cierre","Kit p/ Notebook Cifra 6 Elem., c/ Estuche e Cierre",kit para notebook Cifra c/ estuche e cierre
"Kit Para Notebook Cifra 6 Elementos, Con Estuche Y Cierre","Kit p/ Notebook Cifra 6 Elem., Con Estuche y Cierre",kit para notebook Cifra com estojo e fecho
"Kit Para Notebook Cifra 6 Elementos, Con Estuche Y Cierre","Kit Para Notebook Cifra 6 unidades, Con Estuche Y Cierre",kit para notebook Cifra com estojo e fecho
"Kit Para Notebook Cifra 6 Elementos, Con Estuche Y Cierre","Kit Para Notebook Cifra 6 peças, Con Estuche Y Cierre",kit para notebook Cifra com estojo e fecho
"Kit Para Notebook Cifra 6 Elementos, Con Estuche Y Cierre","Kit Para Notebook Cifra 6 Elementos, Con Estueche Y Cierre",kit para notebook Cifra com estojo e fecho
"Kit Para Notebook Cifra 6 Elementos, Con Estuche Y Cierre","Kit Para Notebook Cifra 6 Elementos, Con Estuche Y Cirere",kit para notebook Cifra com estojo e fecho
Lija Al Agua 3m Grano 100 - Pisano,Lija Al Agua 3m Gr. 100 - Pisano,"lixa 3M grão 100, lixa d'água"
Lija Al Agua 3m Grano 100 - Pisano,Lija Al Ag. 3m Grano 100 - Pisano,"lixa 3M grão 100, lixa d'água"
Lija Al Agua 3m Grano 100 - Pisano,Lija Al Agua 3m Grano 100 - Pisano 100gr,"lixa 3M grão 100, lixa d'água, 100g"
Lija Al Agua 3m Grano 100 - Pisano,Lija Al Agua 3m Grano 100 - Pisano 100g,"lixa 3M grão 100, lixa d'água, 100g"
Lija Al Agua 3m Grano 100 - Pisano,Lija Al Agau 3m Grano 100 - Pisano,"lixa 3M grão 100, lixa d'água"
Lija Al Agua 3m Grano 100 - Pisano,Lija Al Agua 3m Grano 100 - Pisnao,"lixa 3M grano 100, ao agua"
Lente Dispatch 2 Bronze Brown Polarizada - Bott Lenses,Lente Dispatch 2 Bronze Brown Pol. - Bott Lenses,lente Bott Lenses bronze brown dispatch 2 polarizada
Lente Dispatch 2 Bronze Brown Polarizada - Bott Lenses,Lente Dispatch 2 Bronze Brown Polariz. - Bott Lenses,lente Bott Lenses bronze brown dispatch 2 polarizada
Lente Dispatch 2 Bronze Brown Polarizada - Bott Lenses,Lente Dispatch 2 Bronze Brown Polarizada - Bott Lenses 2un,lente Bott Lenses bronze brown dispatch 2 polarizada
Lente Dispatch 2 Bronze Brown Polarizada - Bott Lenses,Lente Dispatch 2 Bronze Brown Polarizada - Bott Lenses 2 unidades,lente Bott Lenses bronze brown dispatch 2 polarizada
Lente Dispatch 2 Bronze Brown Polarizada - Bott Lenses,Lente Disptach 2 Bronze Brown Polarizada - Bott Lenses,lente Bott Lenses bronze brown dispatch 2 polarizada
Lente Dispatch 2 Bronze Brown Polarizada - Bott Lenses,Lente Dispatch 2 Bronze Brown Polariadza - Bott Lenses,lente Bott Lenses bronze brown dispatch 2 polarizada
"Limpia Tapizados Para Renault 21 Alize, Sealpro","Limpia Tap. Para Renault 21 Alize, Sealpro",limpa estofados Sealpro 21 alize para renault 21
"Limpia Tapizados Para Renault 21 Alize, Sealpro","Limpia Tapizados Para Ren. 21 Alize, Sealpro",limpa estofados Sealpro 21 alize para renault 21
"Limpia Tapizados Para Renault 21 Alize, Sealpro","Limpia Tapizados Para Renault 21 Alize, Sealpro 21un",limpa estofados Sealpro 21 alize para renault 21
"Limpia Tapizados Para Renault 21 Alize, Sealpro","Limpia Tapizados Para Renault 21 Alize, Sealpro 21 unidades",limpa estofados Sealpro 21 alize para renault 21 alize
"Limpia Tapizados Para Renault 21 Alize, Sealpro","Limpia Tapizados Para Renualt 21 Alize, Sealpro",limpa estofados Sealpro 21 alize para renault 21 alize
"Limpia Tapizados Para Renault 21 Alize, Sealpro","Limpia Tapizados Para Renault 21 Alize, Sealpor",limpa estofados Sealpor 21 alize para renault 21 alize
Estojo Kipling Duobox Original 1290805o Balloon Loja Pixolé,Estojo Kipling Duobox Orig. 1290805o Balloon Loja Pixolé,estojo Kipling balloon duobox 1290805o original
Estojo Kipling Duobox Original 1290805o Balloon Loja Pixolé,Estojo Kipling Duobox Original 1290805o Balloon Lj Pixolé,estojo Kipling balloon duobox 1290805o original
Estojo Kipling Duobox Original 1290805o Balloon Loja Pixolé,Estojo Kipling Duobox Original 1290805o Balloon Loja Pixolé 1un,estojo Kipling balloon duobox 1290805o
Estojo Kipling Duobox Original 1290805o Balloon Loja Pixolé,Estojo Kipling Duobox Original 1290805o Balloon Loja Pixolé 1 unidade,estojo Kipling balloon duobox 1290805o
Estojo Kipling Duobox Original 1290805o Balloon Loja Pixolé,Estojo Kipling Duobox Orignial 1290805o Balloon Loja Pixolé,estojo Kipling balloon duobox 1290805o
Estojo Kipling Duobox Original 1290805o Balloon Loja Pixolé,Estojo Kipling Duobox Original 1290805o Balloon Loja Pxiolé,estojo Kipling balloon duobox 1290805o
Sombra Compacta   Elizabeth Arden  001-007-014,Sombra Comp. Elizabeth Arden 001-007-014,sombra Elizabeth Arden 001-007-014
Sombra Compacta   Elizabeth Arden  001-007-014,Sombra Compacta Eliz. Arden 001-007-014,sombra compacta Elizabeth Arden 001-007-014
Sombra Compacta   Elizabeth Arden  001-007-014,Sombra Compacta Elizabeth Arden 001-007-014 3un,sombra compacta Elizabeth Arden 001-007-014
Sombra Compacta   Elizabeth Arden  001-007-014,Sombra Compacta Elizabeth Arden 001-007-014 3 unidades,sombra compacta Elizabeth Arden 001-007-014
Sombra Compacta   Elizabeth Arden  001-007-014,Sombra Compacta Elizbaeth Arden 001-007-014,sombra compacta Elizabeth Arden 001-007-014
Sombra Compacta   Elizabeth Arden  001-007-014,Sombra Compacta Elizabeth Arden 001-007-041,sombra compacta Elizabeth Arden 001-007-041
"Garrafão Térmico 5,0 Litros Termolar Vermelho","Garraf. Térmico 5,0 Litros Termolar Verm.",garrafa térmica Termolar vermelho - 5000 ml
"Garrafão Térmico 5,0 Litros Termolar Vermelho","Garrafão Tér. 5,0 L Termolar Vermelho",garrafa térmica Termolar vermelho - 5000 ml
"Garrafão Térmico 5,0 Litros Termolar Vermelho",Garrafão Térmico 5000ml Termolar Vermelho,garrafa térmica Termolar vermelho - 5000 ml
"Garrafão Térmico 5,0 Litros Termolar Vermelho",Garrafão Térmico 5 L Termolar Vermelho,garrafa térmica Termolar vermelho - 5000 ml
"Garrafão Térmico 5,0 Litros Termolar Vermelho","Garrafão Térmicp 5,0 Litros Termolar Vermelho",garrafa térmica Termolar vermelho - 5000 ml
"Garrafão Térmico 5,0 Litros Termolar Vermelho","Garrafão Térmico 5,0 Litros Termoalr Vermelho",garrafão térmico Termoalr vermelho - 5000 ml
Nueces Con Cascara Bolsa De 5 Kg Sin Quimicos,Nueces Con Cascara Bolsa De 5 Kg S/ Quimicos,"nozes com casca, sem químicos"
Nueces Con Cascara Bolsa De 5 Kg Sin Quimicos,Nueces Con Cascara Bols. De 5 Kg Sin Quim.,"nozes com casca, sem químicos"
Nueces Con Cascara Bolsa De 5 Kg Sin Quimicos,Nueces Con Cascara Bolsa De 5000g Sin Quimicos,"nozes com casca, sem químicos"
Nueces Con Cascara Bolsa De 5 Kg Sin Quimicos,Nueces Con Cascara Bolsa De 5 kilos Sin Quimicos,"nozes com casca, sem químicos"
Nueces Con Cascara Bolsa De 5 Kg Sin Quimicos,Nueces Con Cascara Bolas De 5 Kg Sin Quimicos,"nozes com casca, sem químicos - 5 kg"
Nueces Con Cascara Bolsa De 5 Kg Sin Quimicos,Nueces Con Cascara Bolsa De 5 Kg Sin Quimcios,"nozes com casca, sem químicos - 5 kg"
Película Adesiva Jateado Translúcido,Pelíc. Adesiva Jateado Transl.,película adesiva translúcido jateado
Película Adesiva Jateado Translúcido,Película Ades. Jateado Transluc.,película adesiva translúcido jateado
Película Adesiva Jateado Translúcido,Película Adesiva Jateado Translúcido 1un,película adesiva translúcido jateado
Película Adesiva Jateado Translúcido,Película Adesiva Jateado Translúcido unitário,película adesiva translúcido jateado
Película Adesiva Jateado Translúcido,Pelícla Adesiva Jateado Translúcido,película adesiva translúcido jateado
Película Adesiva Jateado Translúcido,Película Adesiva Jateado Translucido,película adesiva translúcido jateado
Netbook Acer Aspire One Oportunidad,Netb. Acer Aspire One Oport.,notebook Acer aspire one oportunidade
Netbook Acer Aspire One Oportunidad,Netbook Acer Asp. One Oportunidad,notebook Acer aspire one oportunidade
Netbook Acer Aspire One Oportunidad,Netbook Acer Aspire One 1 unidade Oportunidad,netbook Acer aspire one oportunidade
Netbook Acer Aspire One Oportunidad,Netbook Acer Aspire One unico Oportunidad,"netbook Acer aspire one unico, oportunidade"
Netbook Acer Aspire One Oportunidad,Netbok Acer Aspire One Oportunidad,netbook Acer aspire one oportunidade
Netbook Acer Aspire One Oportunidad,Netbook Acer Aspire One Oportunidade,netbook Acer aspire one oportunidade
Arranhador Para Gatos Poste Cat Sustentável Luppet Rosa,Arranhador Para Gatos Poste Cat Sustent. Luppet Rosa,"arranhador para gatos Luppet rosa poste, sustentável"
Arranhador Para Gatos Poste Cat Sustentável Luppet Rosa,Arranh. Para Gatos Poste Cat Sustentável Luppet Rosa,arranhador para gatos Luppet rosa cat sustentável poste
Arranhador Para Gatos Poste Cat Sustentável Luppet Rosa,Arranhador Para Gatos Poste Cat Sustentável Luppet Rosa 1un,arranhador para gatos Luppet rosa cat sustentável poste
Arranhador Para Gatos Poste Cat Sustentável Luppet Rosa,Arranhador Para Gatos Poste Cat Sustentável Luppet Rosa unit,arranhador para gatos Luppet rosa cat sustentável poste
Arranhador Para Gatos Poste Cat Sustentável Luppet Rosa,Arranhador Para Gatos Postte Cat Sustentável Luppet Rosa,arranhador para gatos Luppet rosa cat sustentável poste
Arranhador Para Gatos Poste Cat Sustentável Luppet Rosa,Arranhador Para Gatos Poste Cat Sustentável Luppet Roas,arranhador para gatos Luppet rosa cat sustentável poste
 Corona Catalano Zanella Rx200 P428 43d , Corona Catalano Zanella Rx200 P428 43d ,peça de reposição Zanella rx200 corona catalano p428 43d
 Corona Catalano Zanella Rx200 P428 43d , Corona Catalano Zanella Rx200 P428 43d ,peça de reposição Zanella rx200 corona catalano p428 43d
 Corona Catalano Zanella Rx200 P428 43d , Corona Catalano Zanella Rx200 P428 43d ,peça de reposição Zanella rx200 corona catalano p428 43d
 Corona Catalano Zanella Rx200 P428 43d , Corona Catalano Zanella Rx200 P428 43d ,peça de reposição Zanella rx200 corona catalano p428 43d
 Corona Catalano Zanella Rx200 P428 43d , Corona Catalano Zanella Rx200 P428 43d ,peça de reposição Zanella rx200 corona catalano p428 43d
 Corona Catalano Zanella Rx200 P428 43d , Corona Catalano Zanella Rx200 P428 43d ,corona catalano zanella rx200 p428 43d
"Cortina De Box Pvc Quadradinhos Preta 1,38mx1,98m Com Ilhós","Cortina De Box Pvc Quadradinhos Preta 1,38mx1,98m Com Ilhós","cortina de box preta pvc quadradinhos, 1,38mx1,98m, com ilhós"
"Cortina De Box Pvc Quadradinhos Preta 1,38mx1,98m Com Ilhós","Cortina De Box Pvc Quadradinhos Preta 1,38mx1,98m Com Ilhós","cortina de box preta pvc quadradinhos, 1,38mx1,98m, com ilhós"
"Cortina De Box Pvc Quadradinhos Preta 1,38mx1,98m Com Ilhós","Cortina De Box Pvc Quadradinhos Preta 1,38mx1,98m Com Ilhós","cortina de box preta pvc quadradinhos, 1,38mx1,98m, com ilhós"
"Cortina De Box Pvc Quadradinhos Preta 1,38mx1,98m Com Ilhós","Cortina De Box Pvc Quadradinhos Preta 1,38mx1,98m Com Ilhós","cortina de box preta pvc quadradinhos, 1,38mx1,98m, com ilhós"
"Cortina De Box Pvc Quadradinhos Preta 1,38mx1,98m Com Ilhós","Cortina De Box Pvc Quadradinhos Preta 1,38mx1,98m Com Ilhós","cortina de box preta pvc quadradinhos, 1,38mx1,98m, com ilhós"
"Cortina De Box Pvc Quadradinhos Preta 1,38mx1,98m Com Ilhós","Cortina De Box Pvc Quadradinhos Preta 1,38mx1,98m Com Ilhós","cortina de box preta pvc quadradinhos, 1,38mx1,98m, com ilhós"
Kit Repelente Off Aerossol Com 3 Unidades De 165ml,Kit Repelente Off Aerossol Com 3 Unidades De 165ml,repelente Off aerossol - 165 ml
Kit Repelente Off Aerossol Com 3 Unidades De 165ml,Kit Repelente Off Aerossol Com 3 Unidades De 165ml,repelente Off aerossol - 165 ml
Kit Repelente Off Aerossol Com 3 Unidades De 165ml,Kit Repelente Off Aerossol Com 3 Unidades De 165ml,repelente Off aerossol - 165 ml
Kit Repelente Off Aerossol Com 3 Unidades De 165ml,Kit Repelente Off Aerossol Com 3 Unidades De 165ml,repelente Off aerossol - 165 ml
Kit Repelente Off Aerossol Com 3 Unidades De 165ml,Kit Repelente Off Aerossol Com 3 Unidades De 165ml,repelente Off aerossol - 165 ml
Kit Repelente Off Aerossol Com 3 Unidades De 165ml,Kit Repelente Off Aerossol Com 3 Unidades De 165ml,repelente Off aerossol - 165 ml
Chaleco Pluma Boca Juniors Temporada 2019 - Nike Original - Envio Gratis,Chaleco Pluma Boca Juniors Temporada 2019 - Nike Original - Envio Gratis,chaleco Nike boca juniors temporada 2019 pluma original
Chaleco Pluma Boca Juniors Temporada 2019 - Nike Original - Envio Gratis,Chaleco Pluma Boca Juniors Temporada 2019 - Nike Original - Envio Gratis,chaleco Nike boca juniors temporada 2019 pluma original
Chaleco Pluma Boca Juniors Temporada 2019 - Nike Original - Envio Gratis,Chaleco Pluma Boca Juniors Temporada 2019 - Nike Original - Envio Gratis,colete Nike boca juniors temporada 2019 pluma original
Chaleco Pluma Boca Juniors Temporada 2019 - Nike Original - Envio Gratis,Chaleco Pluma Boca Juniors Temporada 2019 - Nike Original - Envio Gratis,colete Nike boca juniors temporada 2019 pluma original
Chaleco Pluma Boca Juniors Temporada 2019 - Nike Original - Envio Gratis,Chaleco Pluma Boca Juniors Temporada 2019 - Nike Original - Envio Gratis,colete Nike boca juniors temporada 2019 pluma original
Chaleco Pluma Boca Juniors Temporada 2019 - Nike Original - Envio Gratis,Chaleco Pluma Boca Juniors Temporada 2019 - Nike Original - Envio Gratis,colete Nike boca juniors temporada 2019 pluma original
Selim Fizik Gobi M5 Manganês Branco/cinza Mtb Original Nf,Selim Fizik Gobi M5 Manganês Branco/cinza Mtb Original Nf,"selim Fizik branco/cinza gobi m5 manganês mtb, original, nf"
Selim Fizik Gobi M5 Manganês Branco/cinza Mtb Original Nf,Selim Fizik Gobi M5 Manganês Branco/cinza Mtb Original Nf,"selim Fizik branco/cinza gobi m5 manganês mtb, original, nf"
Selim Fizik Gobi M5 Manganês Branco/cinza Mtb Original Nf,Selim Fizik Gobi M5 Manganês Branco/cinza Mtb Original Nf,"selim Fizik branco/cinza gobi m5 manganês mtb, original, nf"
Selim Fizik Gobi M5 Manganês Branco/cinza Mtb Original Nf,Selim Fizik Gobi M5 Manganês Branco/cinza Mtb Original Nf,"selim Fizik branco/cinza gobi m5 manganês mtb, original, nf"
Selim Fizik Gobi M5 Manganês Branco/cinza Mtb Original Nf,Selim Fizik Gobi M5 Manganês Branco/cinza Mtb Original Nf,"selim Fizik branco/cinza gobi m5 manganês mtb, original, nf"
Selim Fizik Gobi M5 Manganês Branco/cinza Mtb Original Nf,Selim Fizik Gobi M5 Manganês Branco/cinza Mtb Original Nf,"selim Fizik branco/cinza gobi m5 manganês mtb, original, nf"
Aparelho Medidor Pressão Arterial Digital Pulso Ecoline Clas,Aparelho Med. Pressão Arterial Dig. Pulso Ecoline Clas,"medidor de pressão arterial Ecoline clas digital, de pulso"
Aparelho Medidor Pressão Arterial Digital Pulso Ecoline Clas,Apar. Medidor Pressão Art. Digital Pulso Ecoline Clas,"medidor de pressão arterial Ecoline clas digital, de pulso"
Aparelho Medidor Pressão Arterial Digital Pulso Ecoline Clas,Aparelho Medidor Pressão Arterial Digital Pulso Ecoline Clas,"medidor de pressão arterial Ecoline clas digital, de pulso"
Aparelho Medidor Pressão Arterial Digital Pulso Ecoline Clas,Aparelho Medidor Pressão Arterial Digital Pulso Ecoline Clas,"medidor de pressão arterial Ecoline clas digital, de pulso"
Aparelho Medidor Pressão Arterial Digital Pulso Ecoline Clas,Aparelho Medidor Pressao Arterial Digial Pulso Ecoline Clas,"medidor de pressão arterial Ecoline clas digital, de pulso"
Aparelho Medidor Pressão Arterial Digital Pulso Ecoline Clas,Aparelho Medidor Pressão Arterial Digital Pulso Ecloine Clas,"medidor de pressão arterial Ecloine clas digital, pulso"
Decodificador Sintonizador Cablevision,Decod. Sintonizador Cablevision,decodificador Cablevision sintonizador
Decodificador Sintonizador Cablevision,Decodificador Sint. Cablevision,decodificador Cablevision sintonizador
Decodificador Sintonizador Cablevision,Decodificador Sintonizador Cablevision,decodificador Cablevision sintonizador
Decodificador Sintonizador Cablevision,Decodificador Sintonizador Cablevision,decodificador Cablevision sintonizador
Decodificador Sintonizador Cablevision,Decodificadro Sintonizador Cablevision,decodificador Cablevision sintonizador
Decodificador Sintonizador Cablevision,Decodificador Sintonizadpr Cablevision,decodificador Cablevision sintonizador
Salamandra De Fundicion Con Mica Estufa Dista,Salamandra De Fund. Con Mica Estufa Dista,estufa ferro fundido salamandra com mica
Salamandra De Fundicion Con Mica Estufa Dista,Salamandra De Fundicion Con Mica Est. Dista,estufa ferro fundido salamandra com mica
Salamandra De Fundicion Con Mica Estufa Dista,Salamandra De Fundicion Con Mica Estufa Dista,estufa ferro fundido salamandra com mica
Salamandra De Fundicion Con Mica Estufa Dista,Salamandra De Fundicion Con Mica Estufa Dista,estufa fundição com mica
Salamandra De Fundicion Con Mica Estufa Dista,Salamandra De Fundicion Con Mica Estufa Dti sa,estufa fundição com mica
Salamandra De Fundicion Con Mica Estufa Dista,Salamandra De Fundicion Con Mica Estuf aDista,estufa fundição com mica
Compresor Carter Seco 6 Lts 1hp Silencioso Tanque Acero Sm,Compresor Carter Seco 6 Lts 1hp Silenc. Tanque Acero Sm,"compressor Sm aço carter seco, 1hp, silencioso - 6 l"
Compresor Carter Seco 6 Lts 1hp Silencioso Tanque Acero Sm,Compresor Carter Seco 6 Lts 1hp Silencioso Tanque Ac. Sm,"compressor Sm aço carter seco, 1hp, silencioso - 6 l"
Compresor Carter Seco 6 Lts 1hp Silencioso Tanque Acero Sm,"Compresor Carter Seco 0,006 m3 1cv Silencioso Tanque Acero Sm","compressor sm aço carter seco, 1cv, silencioso - 6000 ml"
Compresor Carter Seco 6 Lts 1hp Silencioso Tanque Acero Sm,Compresor Carter Seco 6 Litros 1hp Silencioso Tanque Acero Sm,"compressor sm aço carter seco, 1hp, silencioso - 6000 ml"
Compresor Carter Seco 6 Lts 1hp Silencioso Tanque Acero Sm,Compresro Carter Seco 6 Lts 1hp Silencioso Tanque Acero Sm,"compressor sm aço carter seco, 1hp, silencioso - 6000 ml"
Compresor Carter Seco 6 Lts 1hp Silencioso Tanque Acero Sm,Compresor Carter Seco 6 Lts 1hp Silencioso Tanque Acero Sm,"compressor sm aço carter seco, 1hp, silencioso - 6000 ml"
Antena Interna Vhf Uhf Fm Hdtv Digital - Philips Sdv1125,Ant. Interna Vhf Uhf Fm Hdtv Digital - Philips Sdv1125,"antena Philips sdv1125 interna, vhf, uhf, fm, hdtv, digital"
Antena Interna Vhf Uhf Fm Hdtv Digital - Philips Sdv1125,Antena Interna Vhf Uhf Fm Hdtv Dig. - Philips Sdv1125,"antena interna Philips sdv1125 vhf, uhf, fm, hdtv, digital"
Antena Interna Vhf Uhf Fm Hdtv Digital - Philips Sdv1125,Antena Interna Vhf Uhf Fm Hdtv Digital - Philips Sdv1125,"antena interna Philips sdv1125 vhf, uhf, fm, hdtv, digital"
Antena Interna Vhf Uhf Fm Hdtv Digital - Philips Sdv1125,Antena Interna Vhf Uhf Fm Hdtv Digital - Philips Sdv1125,"antena interna Philips sdv1125 vhf, uhf, fm, hdtv, digital"
Antena Interna Vhf Uhf Fm Hdtv Digital - Philips Sdv1125,Antena Interna Vhf Uhf Fm Hdtv Digtial - Philips Sdv1125,"antena interna Philips sdv1125 vhf, uhf, fm, hdtv, digital"
Antena Interna Vhf Uhf Fm Hdtv Digital - Philips Sdv1125,Antena Interna Vhf Uhf Fm Hdtv Digital - Philips Sdv1215,"antena interna Philips sdv1215 vhf, uhf, fm, hdtv, digital"
Vinho Calvet 2017,Vinho Calv. 2017,vinho Calvet safra 2017
Vinho Calvet 2017,Vh. Calvet 2017,vinho Calvet safra 2017
Vinho Calvet 2017,Vinho Calvet MMXVII,vinho Calvet safra 2017
Vinho Calvet 2017,Vinho Calvet safra '17,vinho Calvet safra 2017
Vinho Calvet 2017,Vnho Calvet 2017,vinho Calvet safra 2017
Vinho Calvet 2017,Vinho Clavet 2017,vinho Clavet safra 2017
Kit 4u 185/60 R15 Neumático Firehawk Fh 900 Firestone Envío,Kit 4un 185/60 R15 Neum. Firestone Fh 900,pneu Firestone preto fh 900 185/60 r15
Kit 4u 185/60 R15 Neumático Firehawk Fh 900 Firestone Envío,Kit 4un 185/60 R15 Pneu Firestone Fh 900,pneu Firestone preto fh 900 185/60 r15
Kit 4u 185/60 R15 Neumático Firehawk Fh 900 Firestone Envío,Kit 4 un. 185/60 R15 Neumático Firestone Fh 900,pneu Firestone preto fh 900 185/60 r15
Kit 4u 185/60 R15 Neumático Firehawk Fh 900 Firestone Envío,Kit 4 unidades 185/60 R15 Firestone Fh 900,pneu Firestone preto fh 900 185/60 r15
Kit 4u 185/60 R15 Neumático Firehawk Fh 900 Firestone Envío,Kit 4u 185/60 R15 Neumátcio Firehawk Fh 900 Firestone,pneu Firestone firehawk fh 900 185/60 r15
Kit 4u 185/60 R15 Neumático Firehawk Fh 900 Firestone Envío,Kit 4u 185/60 R15 Neumático Firehwak Fh 900 Firestone,pneu Firestone firehawk fh 900 185/60 r15
Caixa Térmica 34 Litros Vermelha Com Alça Mor,Cx. Térmica 34L Verm. c/ Alça Mor,caixa térmica Mor vermelho com alça - 34000 ml
Caixa Térmica 34 Litros Vermelha Com Alça Mor,Caixa Térm. 34L Vermelha c/ Alça Mor,caixa térmica Mor vermelha com alça - 34000 ml
Caixa Térmica 34 Litros Vermelha Com Alça Mor,"Caixa Térmica 0,034m³ Vermelha Com Alça Mor",caixa térmica Mor vermelha com alça - 34000 ml
Caixa Térmica 34 Litros Vermelha Com Alça Mor,Caixa Térmica 34000ml Vermelha Com Alça Mor,caixa térmica Mor vermelha com alça - 34000 ml
Caixa Térmica 34 Litros Vermelha Com Alça Mor,Caixa Térmcia 34 Litros Vermelha Com Alça Mor,caixa térmica Mor vermelha com alça - 34000 ml
Caixa Térmica 34 Litros Vermelha Com Alça Mor,Caixa Térmica 34 Litros Vermelha Com Alça Mro,caixa térmica vermelha com alça - 34000 ml
Linterna Metalica Cromada Macao De 9 Led C/pilas 2 D Gratis,Lant. Met. Crom. Macao 9 Led c/ pilhas,"lanterna Macao cromado metal 9 led, com pilhas"
Linterna Metalica Cromada Macao De 9 Led C/pilas 2 D Gratis,Linterna Met. Crom. Macao 9 Led c/ pilhas,"lanterna Macao cromado metal 9 led, com pilhas"
Linterna Metalica Cromada Macao De 9 Led C/pilas 2 D Gratis,Linterna Metalica Cromada Macao De 9 Led c/ 2 pilhas D,lanterna Macao cromada metal 9 led
Linterna Metalica Cromada Macao De 9 Led C/pilas 2 D Gratis,Linterna Metalica Cromada Macao De 9 Led com baterias,"lanterna Macao cromada metal 9 led, com baterias"
Linterna Metalica Cromada Macao De 9 Led C/pilas 2 D Gratis,Linterna Metalcia Cromada Macao De 9 Led C/pilas 2 D Gratis,"lanterna Macao cromada metal 9 led, gratis"
Linterna Metalica Cromada Macao De 9 Led C/pilas 2 D Gratis,Linterna Metalica Cromada Macao De 9 Led C/pilas 2 D Grtais,"lanterna Macao cromada metal 9 led, gratis"
Calvin Klein Corpiños Top Conjuntos Talle Xl Extra Large,CK Corpiños Top Conj. Talle XL,"conjunto de lingerie Ck tamanho xl, corpiños top"
Calvin Klein Corpiños Top Conjuntos Talle Xl Extra Large,Calvin Klein Corp. Top Conj. Talle XL,conjunto Calvin Klein talle xl
Calvin Klein Corpiños Top Conjuntos Talle Xl Extra Large,Calvin Klein Corpiños Top Conjuntos Talle Extra Grande,conjunto Calvin Klein talle extra grande
Calvin Klein Corpiños Top Conjuntos Talle Xl Extra Large,Calvin Klein Corpiños Top Conjuntos Talle 42,conjunto Calvin Klein talle 42
Calvin Klein Corpiños Top Conjuntos Talle Xl Extra Large,Calvin Klien Corpiños Top Conjuntos Talle Xl Extra Large,conjunto Calvin Klein talle xl extra large
Calvin Klein Corpiños Top Conjuntos Talle Xl Extra Large,Calvin Klein Corpiños Top Conjnutos Talle Xl Extra Large,conjunto Calvin Klein talle xl extra large
Reproductor Portátil Dual Dvd  Cd  Dual 7 Stromberg Carlson,Reprod. Port. Dual Dvd Cd Dual 7 Stromberg Carlson,reprodutor de dvd portátil Stromberg Carlson tela 7 polegadas
Reproductor Portátil Dual Dvd  Cd  Dual 7 Stromberg Carlson,Reproductor Port. Dual Dvd Cd Dual 7 Stromberg,reprodutor de dvd portátil Stromberg tela 7 polegadas
Reproductor Portátil Dual Dvd  Cd  Dual 7 Stromberg Carlson,Reproductor Portátil Dual Dvd Cd Dual 7 pol Stromberg Carlson,reprodutor de dvd portátil Stromberg Carlson tela 7 polegadas
Reproductor Portátil Dual Dvd  Cd  Dual 7 Stromberg Carlson,Reproductor Portátil Dual Dvd Cd Dual 7 polegadas Stromberg Carlson,reprodutor de dvd portátil Stromberg Carlson tela 7 polegadas
Reproductor Portátil Dual Dvd  Cd  Dual 7 Stromberg Carlson,Reproductor Portatil Dual Dvd Cd Dual 7 Strombegr Carlson,reprodutor de dvd portátil Stromberg Carlson tela 7 polegadas
Reproductor Portátil Dual Dvd  Cd  Dual 7 Stromberg Carlson,Reproductor Portátli Dual Dvd Cd Dual 7 Stromberg Carlson,reprodutor de dvd Stromberg Carlson tela 7 polegadas
Raqueteira Babolat Pure Wimbledon X12 Gold + Frete Grátis,Raq. Babolat Pure Wimbledon X12 Gold + Frete Grat.,raqueteira Babolat gold pure wimbledon
Raqueteira Babolat Pure Wimbledon X12 Gold + Frete Grátis,Raqueteira Babolat Pure Wimbledon X12 Gold + Fr. Grátis,raqueteira Babolat gold pure wimbledon
Raqueteira Babolat Pure Wimbledon X12 Gold + Frete Grátis,Raqueteira Babolat Pure Wimbledon 12 unidades Gold + Frete Grátis,raqueteira Babolat gold pure wimbledon
Raqueteira Babolat Pure Wimbledon X12 Gold + Frete Grátis,Raqueteira Babolat Pure Wimbledon para 12 raquetes Gold + Frete Grátis,raqueteira Babolat gold pure wimbledon
Raqueteira Babolat Pure Wimbledon X12 Gold + Frete Grátis,Raqueteira Babolat Pure Wimbeldon X12 Gold + Frete Grátis,raqueteira Babolat dourado pure wimbledon gold - 12 raquetes
Raqueteira Babolat Pure Wimbledon X12 Gold + Frete Grátis,Raqueteira Babolat Pure Wimbledon X12 Gold + Frete Gratsi,raqueteira Babolat dourado pure wimbledon gold - 12 raquetes
Volante Palio/siena/uno 01/04 Centro Chico Gris,Vol. Palio/siena/uno 01/04 Centro Chico Gris,"volante cinza palio/siena/uno ano 2001 a 2004, centro chico"
Volante Palio/siena/uno 01/04 Centro Chico Gris,Volante Palio/siena/uno 01/04 Cent. Chico Gris,"volante cinza palio/siena/uno ano 2001 a 2004, centro chico"
Volante Palio/siena/uno 01/04 Centro Chico Gris,Volante Palio/siena/uno ano 2001 a 2004 Centro Chico Gris,"volante cinza palio/siena/uno ano 2001 a 2004, centro chico"
Volante Palio/siena/uno 01/04 Centro Chico Gris,Volante Palio/siena/uno 01 a 04 Centro Chico Gris,"volante gris palio/siena/uno ano 01 a 04, centro chico"
Volante Palio/siena/uno 01/04 Centro Chico Gris,Volante Palio/siena/uno 01/04 Cnetro Chico Gris,"volante gris palio/siena/uno ano 01/04, centro chico"
Volante Palio/siena/uno 01/04 Centro Chico Gris,Volante Palio/siena/uno 01/04 Centro Chcio Gris,"volante gris palio/siena/uno ano 01/04, centro chcio"
Plantilla Caja Fiat 600,Plant. Caja Fiat 600,plantilha de caixa Fiat 600
Plantilla Caja Fiat 600,Plantilla Cj. Fiat 600,plantilha de caixa Fiat 600
Plantilla Caja Fiat 600,Plantilla Caja Fiat 600 un,plantilla caja Fiat 600
Plantilla Caja Fiat 600,Plantilla Caja Fiat 600 unidade,plantilla caja Fiat 600
Plantilla Caja Fiat 600,Plantilla Cjaa Fiat 600,plantilla caja Fiat 600
Plantilla Caja Fiat 600,Plantila Caja Fiat 600,plantilla caja Fiat 600
Vinho Flor De Crasto Douro Doc (750ml),Vinho Flor De Crasto Douro Doc (750m),vinho Flor De Crasto douro doc - 750 ml
Vinho Flor De Crasto Douro Doc (750ml),Vinh. Flor De Crasto Douro Doc (750ml),vinho Flor De Crasto douro doc - 750 ml
Vinho Flor De Crasto Douro Doc (750ml),"Vinho Flor De Crasto Douro Doc (0,75L)",vinho Flor De Crasto douro doc - 750 ml
Vinho Flor De Crasto Douro Doc (750ml),Vinho Flor De Crasto Douro Doc (750 mililitros),vinho Flor De Crasto douro doc - 750 ml
Vinho Flor De Crasto Douro Doc (750ml),Vinho Flor De Crasto Douro Doc (750lm),vinho Flor De Crasto douro doc - 750 ml
Vinho Flor De Crasto Douro Doc (750ml),Vinho Flor De Crasto Douro Dco (750ml),vinho Flor De Crasto douro dco - 750 ml
